"Nombre","Partido","Amazonas","Antioquia","Arauca","Atlántico","Bogotá","Bolívar","Boyacá","Caldas","Caquetá","Casanare","Cauca","Cesar","Chocó","Córdoba","Cundinamarca","Guainía","Guaviare","Huila","La Guajira","Magdalena","Meta","Nariño","Norte de Santander","Putumayo","Quindío","Risaralda","SanAndrés","Santander","Sucre","Tolima","Valle del Cauca","Vaupés","Vichada","Consulados"
"SOLO LISTA CENTRO DEMOCRÁTICO","CDMFCG",3629,436896,18934,42326,373798,48136,49680,67630,21509,31736,25706,36348,4679,42973,133349,1807,5074,73398,9513,27867,66198,26759,58203,6147,37835,54231,2751,90870,22503,82360,127770,573,4272,10104
"ALVARO URIBE VELEZ","CDMFCG",0,0,0,0,0,0,0,0,0,0,0,0,0,0,0,0,0,0,0,0,0,0,0,0,0,0,0,0,0,0,0,0,0,0
"MARIA DEL ROSARIO GUERRA DE LA ESPRIELLA","CDMFCG",0,0,0,0,0,0,0,0,0,0,0,0,0,0,0,0,0,0,0,0,0,0,0,0,0,0,0,0,0,0,0,0,0,0
"PALOMA SUSANA VALENCIA LASERNA","CDMFCG",0,0,0,0,0,0,0,0,0,0,0,0,0,0,0,0,0,0,0,0,0,0,0,0,0,0,0,0,0,0,0,0,0,0
"ANA MERCEDES GOMEZ MARTINEZ","CDMFCG",0,0,0,0,0,0,0,0,0,0,0,0,0,0,0,0,0,0,0,0,0,0,0,0,0,0,0,0,0,0,0,0,0,0
"SUSANA CORREA BORRERO","CDMFCG",0,0,0,0,0,0,0,0,0,0,0,0,0,0,0,0,0,0,0,0,0,0,0,0,0,0,0,0,0,0,0,0,0,0
"ALFREDO RANGEL SUAREZ","CDMFCG",0,0,0,0,0,0,0,0,0,0,0,0,0,0,0,0,0,0,0,0,0,0,0,0,0,0,0,0,0,0,0,0,0,0
"IVAN DUQUE MARQUEZ","CDMFCG",0,0,0,0,0,0,0,0,0,0,0,0,0,0,0,0,0,0,0,0,0,0,0,0,0,0,0,0,0,0,0,0,0,0
"FERNANDO NICOLAS ARAUJO RUMIE","CDMFCG",0,0,0,0,0,0,0,0,0,0,0,0,0,0,0,0,0,0,0,0,0,0,0,0,0,0,0,0,0,0,0,0,0,0
"JOSE OBDULIO GAVIRIA VELEZ","CDMFCG",0,0,0,0,0,0,0,0,0,0,0,0,0,0,0,0,0,0,0,0,0,0,0,0,0,0,0,0,0,0,0,0,0,0
"ORLANDO CASTAÑEDA SERRANO","CDMFCG",0,0,0,0,0,0,0,0,0,0,0,0,0,0,0,0,0,0,0,0,0,0,0,0,0,0,0,0,0,0,0,0,0,0
"DANIEL ALBERTO CABRALES CASTILLO","CDMFCG",0,0,0,0,0,0,0,0,0,0,0,0,0,0,0,0,0,0,0,0,0,0,0,0,0,0,0,0,0,0,0,0,0,0
"EVERTH BUSTAMANTE GARCIA","CDMFCG",0,0,0,0,0,0,0,0,0,0,0,0,0,0,0,0,0,0,0,0,0,0,0,0,0,0,0,0,0,0,0,0,0,0
"ALFREDO RAMOS MAYA","CDMFCG",0,0,0,0,0,0,0,0,0,0,0,0,0,0,0,0,0,0,0,0,0,0,0,0,0,0,0,0,0,0,0,0,0,0
"JAIME ALEJANDRO AMIN HERNANDEZ","CDMFCG",0,0,0,0,0,0,0,0,0,0,0,0,0,0,0,0,0,0,0,0,0,0,0,0,0,0,0,0,0,0,0,0,0,0
"ERNESTO MACIAS TOVAR","CDMFCG",0,0,0,0,0,0,0,0,0,0,0,0,0,0,0,0,0,0,0,0,0,0,0,0,0,0,0,0,0,0,0,0,0,0
"RUBY THANIA VEGA DE PLAZAS","CDMFCG",0,0,0,0,0,0,0,0,0,0,0,0,0,0,0,0,0,0,0,0,0,0,0,0,0,0,0,0,0,0,0,0,0,0
"CARLOS FELIPE MEJIA MEJIA","CDMFCG",0,0,0,0,0,0,0,0,0,0,0,0,0,0,0,0,0,0,0,0,0,0,0,0,0,0,0,0,0,0,0,0,0,0
"PAOLA ANDREA HOLGUIN MORENO","CDMFCG",0,0,0,0,0,0,0,0,0,0,0,0,0,0,0,0,0,0,0,0,0,0,0,0,0,0,0,0,0,0,0,0,0,0
"NOHORA STELLA TOVAR REY","CDMFCG",0,0,0,0,0,0,0,0,0,0,0,0,0,0,0,0,0,0,0,0,0,0,0,0,0,0,0,0,0,0,0,0,0,0
"HONORIO MIGUEL HENRIQUEZ PINEDO","CDMFCG",0,0,0,0,0,0,0,0,0,0,0,0,0,0,0,0,0,0,0,0,0,0,0,0,0,0,0,0,0,0,0,0,0,0
"LEON RIGOBERTO BARON NEIRA","CDMFCG",0,0,0,0,0,0,0,0,0,0,0,0,0,0,0,0,0,0,0,0,0,0,0,0,0,0,0,0,0,0,0,0,0,0
"LUIS FERNANDO CAICEDO LINCE","CDMFCG",0,0,0,0,0,0,0,0,0,0,0,0,0,0,0,0,0,0,0,0,0,0,0,0,0,0,0,0,0,0,0,0,0,0
"FARUK URRUTIA JALILIE","CDMFCG",0,0,0,0,0,0,0,0,0,0,0,0,0,0,0,0,0,0,0,0,0,0,0,0,0,0,0,0,0,0,0,0,0,0
"JUAN HURTADO CANO","CDMFCG",0,0,0,0,0,0,0,0,0,0,0,0,0,0,0,0,0,0,0,0,0,0,0,0,0,0,0,0,0,0,0,0,0,0
"ZAIDA DEL CARMEN BARRERO CUERVO","CDMFCG",0,0,0,0,0,0,0,0,0,0,0,0,0,0,0,0,0,0,0,0,0,0,0,0,0,0,0,0,0,0,0,0,0,0
"JUAN CARLOS LOPEZ BUILES","CDMFCG",0,0,0,0,0,0,0,0,0,0,0,0,0,0,0,0,0,0,0,0,0,0,0,0,0,0,0,0,0,0,0,0,0,0
"GABRIEL BURGOS MANTILLA","CDMFCG",0,0,0,0,0,0,0,0,0,0,0,0,0,0,0,0,0,0,0,0,0,0,0,0,0,0,0,0,0,0,0,0,0,0
"SONIA LUCIA NAVIA DE MOSQUERA","CDMFCG",0,0,0,0,0,0,0,0,0,0,0,0,0,0,0,0,0,0,0,0,0,0,0,0,0,0,0,0,0,0,0,0,0,0
"MILLA PATRICIA ROMERO SOTO","CDMFCG",0,0,0,0,0,0,0,0,0,0,0,0,0,0,0,0,0,0,0,0,0,0,0,0,0,0,0,0,0,0,0,0,0,0
"CAROLINA HOLGUIN TAFUR","CDMFCG",0,0,0,0,0,0,0,0,0,0,0,0,0,0,0,0,0,0,0,0,0,0,0,0,0,0,0,0,0,0,0,0,0,0
"JANET ANTONIA ARCHBOLD HOWARD","CDMFCG",0,0,0,0,0,0,0,0,0,0,0,0,0,0,0,0,0,0,0,0,0,0,0,0,0,0,0,0,0,0,0,0,0,0
"GABRIEL ERNESTO ARANGO BACCI","CDMFCG",0,0,0,0,0,0,0,0,0,0,0,0,0,0,0,0,0,0,0,0,0,0,0,0,0,0,0,0,0,0,0,0,0,0
"DARIO BLANDON CAICEDO","CDMFCG",0,0,0,0,0,0,0,0,0,0,0,0,0,0,0,0,0,0,0,0,0,0,0,0,0,0,0,0,0,0,0,0,0,0
"ITALO GARCIA JARA","CDMFCG",0,0,0,0,0,0,0,0,0,0,0,0,0,0,0,0,0,0,0,0,0,0,0,0,0,0,0,0,0,0,0,0,0,0
"VIVIANA MANRIQUE ZULUAGA","CDMFCG",0,0,0,0,0,0,0,0,0,0,0,0,0,0,0,0,0,0,0,0,0,0,0,0,0,0,0,0,0,0,0,0,0,0
"LUIS OSWALDO PARADA PRIETO","CDMFCG",0,0,0,0,0,0,0,0,0,0,0,0,0,0,0,0,0,0,0,0,0,0,0,0,0,0,0,0,0,0,0,0,0,0
"JESUS ANGEL QUINTERO MAZENETT","CDMFCG",0,0,0,0,0,0,0,0,0,0,0,0,0,0,0,0,0,0,0,0,0,0,0,0,0,0,0,0,0,0,0,0,0,0
"CAROLINA VILLEGAS DE NUBILA","CDMFCG",0,0,0,0,0,0,0,0,0,0,0,0,0,0,0,0,0,0,0,0,0,0,0,0,0,0,0,0,0,0,0,0,0,0
"MARIA DEL PILAR GARCIA ARIZABALETA","CDMFCG",0,0,0,0,0,0,0,0,0,0,0,0,0,0,0,0,0,0,0,0,0,0,0,0,0,0,0,0,0,0,0,0,0,0
"MARTHA LUCIA VASQUEZ ZAWADZKY","CDMFCG",0,0,0,0,0,0,0,0,0,0,0,0,0,0,0,0,0,0,0,0,0,0,0,0,0,0,0,0,0,0,0,0,0,0
"DANIEL ANDRES PALACIOS MARTINEZ","CDMFCG",0,0,0,0,0,0,0,0,0,0,0,0,0,0,0,0,0,0,0,0,0,0,0,0,0,0,0,0,0,0,0,0,0,0
"JAIME ALBERTO SARRIA LUNA","CDMFCG",0,0,0,0,0,0,0,0,0,0,0,0,0,0,0,0,0,0,0,0,0,0,0,0,0,0,0,0,0,0,0,0,0,0
"MERY BECERRA GOMEZ","CDMFCG",0,0,0,0,0,0,0,0,0,0,0,0,0,0,0,0,0,0,0,0,0,0,0,0,0,0,0,0,0,0,0,0,0,0
"ALVARO DIAZ GARAVITO","CDMFCG",0,0,0,0,0,0,0,0,0,0,0,0,0,0,0,0,0,0,0,0,0,0,0,0,0,0,0,0,0,0,0,0,0,0
"HERNANDO MAURICIO BERMUDEZ BERNAL","CDMFCG",0,0,0,0,0,0,0,0,0,0,0,0,0,0,0,0,0,0,0,0,0,0,0,0,0,0,0,0,0,0,0,0,0,0
"MARIA CLAUDIA DAZA CASTRO","CDMFCG",0,0,0,0,0,0,0,0,0,0,0,0,0,0,0,0,0,0,0,0,0,0,0,0,0,0,0,0,0,0,0,0,0,0
"DIEGO JOSE TOBON ECHEVERRI","CDMFCG",0,0,0,0,0,0,0,0,0,0,0,0,0,0,0,0,0,0,0,0,0,0,0,0,0,0,0,0,0,0,0,0,0,0
"ANA JULIETA RUIZ GIRALDO","CDMFCG",0,0,0,0,0,0,0,0,0,0,0,0,0,0,0,0,0,0,0,0,0,0,0,0,0,0,0,0,0,0,0,0,0,0
"DIANA MARGARITA GUTIERREZ DE PIÑERES","CDMFCG",0,0,0,0,0,0,0,0,0,0,0,0,0,0,0,0,0,0,0,0,0,0,0,0,0,0,0,0,0,0,0,0,0,0
"WILSON BENJAMIN REY ARIAS","CDMFCG",0,0,0,0,0,0,0,0,0,0,0,0,0,0,0,0,0,0,0,0,0,0,0,0,0,0,0,0,0,0,0,0,0,0
"MARIA GISELA MANRIQUE DE BORRERO","CDMFCG",0,0,0,0,0,0,0,0,0,0,0,0,0,0,0,0,0,0,0,0,0,0,0,0,0,0,0,0,0,0,0,0,0,0
"RAMON ELIAS LOPEZ SABOGAL","CDMFCG",0,0,0,0,0,0,0,0,0,0,0,0,0,0,0,0,0,0,0,0,0,0,0,0,0,0,0,0,0,0,0,0,0,0
"OLGA LUCIA VELEZ DE ALVAREZ","CDMFCG",0,0,0,0,0,0,0,0,0,0,0,0,0,0,0,0,0,0,0,0,0,0,0,0,0,0,0,0,0,0,0,0,0,0
"JOSUE PELAEZ GUEVARA","CDMFCG",0,0,0,0,0,0,0,0,0,0,0,0,0,0,0,0,0,0,0,0,0,0,0,0,0,0,0,0,0,0,0,0,0,0
"MARGARITA RESTREPO LONDOÑO","CDMFCG",0,0,0,0,0,0,0,0,0,0,0,0,0,0,0,0,0,0,0,0,0,0,0,0,0,0,0,0,0,0,0,0,0,0
"ALVARO ORLANDO GRIJALBA GOMEZ","CDMFCG",0,0,0,0,0,0,0,0,0,0,0,0,0,0,0,0,0,0,0,0,0,0,0,0,0,0,0,0,0,0,0,0,0,0
"MARIA MARGARITA DIAZ RESTREPO","CDMFCG",0,0,0,0,0,0,0,0,0,0,0,0,0,0,0,0,0,0,0,0,0,0,0,0,0,0,0,0,0,0,0,0,0,0
"JOSE DAVID GUZMAN MENDOZA","CDMFCG",0,0,0,0,0,0,0,0,0,0,0,0,0,0,0,0,0,0,0,0,0,0,0,0,0,0,0,0,0,0,0,0,0,0
"JUAN DAVID VELEZ TRUJILLO","CDMFCG",0,0,0,0,0,0,0,0,0,0,0,0,0,0,0,0,0,0,0,0,0,0,0,0,0,0,0,0,0,0,0,0,0,0
"ALVARO VALLEJO MAZUERA","CDMFCG",0,0,0,0,0,0,0,0,0,0,0,0,0,0,0,0,0,0,0,0,0,0,0,0,0,0,0,0,0,0,0,0,0,0
"HERNANDO ALFONSO AGUILERA BLANCO","CDMFCG",0,0,0,0,0,0,0,0,0,0,0,0,0,0,0,0,0,0,0,0,0,0,0,0,0,0,0,0,0,0,0,0,0,0
"ADOLFO LISANDRO VEGA VACA","CDMFCG",0,0,0,0,0,0,0,0,0,0,0,0,0,0,0,0,0,0,0,0,0,0,0,0,0,0,0,0,0,0,0,0,0,0
"HERNAN DE JESUS DE LA OSSA SUAREZ","CDMFCG",0,0,0,0,0,0,0,0,0,0,0,0,0,0,0,0,0,0,0,0,0,0,0,0,0,0,0,0,0,0,0,0,0,0
"FERNANDO ALAMEDA ALVARADO","CDMFCG",0,0,0,0,0,0,0,0,0,0,0,0,0,0,0,0,0,0,0,0,0,0,0,0,0,0,0,0,0,0,0,0,0,0
"MILTON RESTREPO RUIZ","CDMFCG",0,0,0,0,0,0,0,0,0,0,0,0,0,0,0,0,0,0,0,0,0,0,0,0,0,0,0,0,0,0,0,0,0,0
"CAMILO SAENZ KOPP","CDMFCG",0,0,0,0,0,0,0,0,0,0,0,0,0,0,0,0,0,0,0,0,0,0,0,0,0,0,0,0,0,0,0,0,0,0
"LUIS GUILLERMO JARAMILLO MEJIA","CDMFCG",0,0,0,0,0,0,0,0,0,0,0,0,0,0,0,0,0,0,0,0,0,0,0,0,0,0,0,0,0,0,0,0,0,0
"YAHEL BIBIANA BUENO PINEDA","CDMFCG",0,0,0,0,0,0,0,0,0,0,0,0,0,0,0,0,0,0,0,0,0,0,0,0,0,0,0,0,0,0,0,0,0,0
"ORLANDO ALFONSO GUETE DIAZ","CDMFCG",0,0,0,0,0,0,0,0,0,0,0,0,0,0,0,0,0,0,0,0,0,0,0,0,0,0,0,0,0,0,0,0,0,0
"EDGARDO RAFAEL MARTINEZ PAREJA","CDMFCG",0,0,0,0,0,0,0,0,0,0,0,0,0,0,0,0,0,0,0,0,0,0,0,0,0,0,0,0,0,0,0,0,0,0
"RUBY HELENA CHAGUI SPATH","CDMFCG",0,0,0,0,0,0,0,0,0,0,0,0,0,0,0,0,0,0,0,0,0,0,0,0,0,0,0,0,0,0,0,0,0,0
"NICOLAS ELIAS ABUCHAIBE SLEBI","CDMFCG",0,0,0,0,0,0,0,0,0,0,0,0,0,0,0,0,0,0,0,0,0,0,0,0,0,0,0,0,0,0,0,0,0,0
"MARIA ELENA VELEZ GOMEZ","CDMFCG",0,0,0,0,0,0,0,0,0,0,0,0,0,0,0,0,0,0,0,0,0,0,0,0,0,0,0,0,0,0,0,0,0,0
"JUDY CECILIA MATERA LAJUD","CDMFCG",0,0,0,0,0,0,0,0,0,0,0,0,0,0,0,0,0,0,0,0,0,0,0,0,0,0,0,0,0,0,0,0,0,0
"ROBERTO GEDEON GHISAYS","CDMFCG",0,0,0,0,0,0,0,0,0,0,0,0,0,0,0,0,0,0,0,0,0,0,0,0,0,0,0,0,0,0,0,0,0,0
"REBECA DEL SOCORRO BARRIENTOS SOSSA","CDMFCG",0,0,0,0,0,0,0,0,0,0,0,0,0,0,0,0,0,0,0,0,0,0,0,0,0,0,0,0,0,0,0,0,0,0
"MARIA PAULA HERNANDEZ CARRASCAL","CDMFCG",0,0,0,0,0,0,0,0,0,0,0,0,0,0,0,0,0,0,0,0,0,0,0,0,0,0,0,0,0,0,0,0,0,0
"GUSTAVO PIRABAN CUESTO","CDMFCG",0,0,0,0,0,0,0,0,0,0,0,0,0,0,0,0,0,0,0,0,0,0,0,0,0,0,0,0,0,0,0,0,0,0
"JAVIER ORLANDO VILLAMIL RODRIGUEZ","CDMFCG",0,0,0,0,0,0,0,0,0,0,0,0,0,0,0,0,0,0,0,0,0,0,0,0,0,0,0,0,0,0,0,0,0,0
"MARIAN JANNA DAVID","CDMFCG",0,0,0,0,0,0,0,0,0,0,0,0,0,0,0,0,0,0,0,0,0,0,0,0,0,0,0,0,0,0,0,0,0,0
"CAROLINA ESCAMILLA PACHECO","CDMFCG",0,0,0,0,0,0,0,0,0,0,0,0,0,0,0,0,0,0,0,0,0,0,0,0,0,0,0,0,0,0,0,0,0,0
"BENILDA ZAMORA PEDREROS","CDMFCG",0,0,0,0,0,0,0,0,0,0,0,0,0,0,0,0,0,0,0,0,0,0,0,0,0,0,0,0,0,0,0,0,0,0
"RICARDO VELEZ PAREJA","CDMFCG",0,0,0,0,0,0,0,0,0,0,0,0,0,0,0,0,0,0,0,0,0,0,0,0,0,0,0,0,0,0,0,0,0,0
"CESAR MAURICIO VELASQUEZ OSSA","CDMFCG",0,0,0,0,0,0,0,0,0,0,0,0,0,0,0,0,0,0,0,0,0,0,0,0,0,0,0,0,0,0,0,0,0,0
"ALEJANDRO ARBELAEZ ARANGO","CDMFCG",0,0,0,0,0,0,0,0,0,0,0,0,0,0,0,0,0,0,0,0,0,0,0,0,0,0,0,0,0,0,0,0,0,0
"SOLO LISTA PARTIDO ALIANZA VERDE","VERDES",368,8312,469,1817,23899,1413,3835,1360,534,3328,3642,1689,473,851,3219,405,175,882,991,1251,815,3055,1913,365,657,1286,91,2308,477,1710,8218,45,160,748
"LIGIA LUCIA ARBELAEZ FLOREZ","VERDES",2363,74,8,19,237,25,75,105,3,40,28,18,4,5,244,5,4,9,3,40,55,7,5,2,10,20,3,23,5,42,49,67,0,10
"IVAN LEONIDAS NAME VASQUEZ","VERDES",82,1488,507,1127,7175,554,1068,137,640,355,581,541,2199,277,1494,16,10,402,745,736,130,287,1066,365,497,568,23,1133,394,815,2637,18,15,51
"GLADYS MORA CHAPARRO","VERDES",45,26,1,6,63,6,9,2,1,14,9,1,0,4,8,0,0,1,3,3,3,8,2,1,0,0,1,5,2,7,26,4,2,0
"JORGE ELIESER PRIETO RIVEROS","VERDES",39,108,636,63,887,765,681,228,3,23030,83,20,14,41,159,5,6,28,8,35,438,301,37,27,31,27,0,88,32,69,159,6,131,27
"ANTONIO JOSE NAVARRO WOLFF","VERDES",31,2179,76,1152,23536,521,1164,411,101,79,1205,194,14,398,1944,4,18,411,99,380,340,13847,292,1404,323,411,13,1027,266,676,2476,4,31,417
"NESTOR DANIEL GARCIA COLORADO","VERDES",19,1366,8,92,4076,218,82,123,12,50,85,31,13,44,295,2,1,97,269,30,101,76,78,27,321,537,1,247,64,188,508,5,1,31
"CLAUDIA NAYIBE LOPEZ HERNANDEZ","VERDES",16,12437,60,1718,41442,1136,1139,960,45,72,988,227,26,338,2771,4,23,521,81,926,497,504,540,56,901,1411,12,2768,339,1013,7200,4,7,863
"JORGE EDUARDO LONDOÑO ULLOA","VERDES",15,230,14,150,1951,149,17303,181,37,77,145,166,22,98,257,8,14,773,31,156,445,84,83,10,22,36,8,163,37,92,738,8,13,40
"JONAS RICARDO ROMERO SANCHEZ","VERDES",14,979,73,193,3726,122,164,76,10,12,140,90,37,119,503,4,5,105,174,103,41,13970,79,84,101,55,7,364,187,1092,527,1,3,18
"ADOLFO CLAVIJO VELEZ","VERDES",14,24,3,7,209,7,2,5,2,1,6,2,0,4,49,0,0,4,1,7,2,20,2,1,0,5,1,3,2,16,32,0,0,0
"ANDRES AGREDA CHICUNQUE","VERDES",13,42,3,33,114,19,24,6,0,26,538,8,4,21,14,0,0,5,4,37,0,5,10,1,8,2,1,8,9,3,40,0,0,1
"PEDRO JOSE ARENAS GARCIA","VERDES",12,68,12,132,382,58,46,7,5,35,15,14,6,14,126,31,1237,3,11,28,250,12,38,8,24,13,1,45,21,36,122,3,1,17
"JORGE ELIECER GUEVARA","VERDES",10,797,7,381,3674,78,897,67,1409,396,102,426,128,159,650,26,38,412,252,257,290,367,326,555,161,1274,1,592,229,779,1238,5,104,14
"RIVER FRANKLIN LEGRO SEGURA","VERDES",10,125,1,62,1133,27,47,25,2,19,82,83,42,17,125,0,1,50,14,47,12,53,43,5,20,27,2,120,15,79,2349,0,1,19
"JOHN JAIRO GIRON BERMUDEZ","VERDES",8,102,16,31,246,25,32,16,13,12,66,9,1,8,41,3,2,33,5,25,18,179,32,3,8,30,0,31,20,49,945,1,6,31
"CEFERINO MOSQUERA MURILLO","VERDES",7,52,17,107,183,10,19,70,6,22,58,109,131,25,26,0,15,13,15,117,6,20,98,8,37,126,0,22,3,46,2539,0,2,2
"FERNANDO DE JESUS ALVAREZ CORREDOR","VERDES",7,45,3,22,340,10,73,10,3,2,7,4,5,2,86,1,2,2,1,4,4,6,86,0,3,6,0,19,3,19,51,0,2,9
"CARLOS ARTURO LOZANO GUILLEN","VERDES",7,1080,1575,558,4881,388,317,875,485,15,3891,122,70,54,845,0,97,626,47,294,524,1013,766,17,209,580,2,825,99,818,1287,3,23,166
"DORIS JOSEFINA ORJUELA PEÑA","VERDES",7,19,0,1,141,3,8,3,1,5,5,1,0,1,37,0,1,2,2,5,6,8,1,2,40,2,0,6,2,6,20,2,0,2
"FLOR ANGELA CARRON ESPITIA","VERDES",7,32,2,5,58,20,13,1,1,16,9,1,4,4,19,0,0,8,3,2,1,37,3,0,10,2,0,6,0,8,50,1,0,1
"HERMAN EMILIO LOZANO BAEZ","VERDES",7,30,2,18,112,35,12,3,0,6,5,4,0,5,21,0,0,3,1,12,3,4,6,0,5,5,0,61,2,3,18,0,1,3
"JOHANNA MARIA ALVAREZ LOPEZ","VERDES",7,354,3,27,142,14,32,11,2,89,7,5,4,5,32,0,1,7,12,9,3,14,19,6,9,6,1,9,6,16,28,0,0,3
"GRICERIO PERDOMO VELEZ","VERDES",6,73,2,80,927,37,19,7,3,5,53,14,9,10,81,0,1,142,9,23,5,9,8,2,3,16,1,36,4,152,238,6,0,5
"FABIO ALBERTO CARRILLO BOTELLO","VERDES",6,41,193,14,189,24,12,4,2,2,45,14,2,1,11,0,0,3,0,6,7,6,248,1,4,10,0,23,2,12,42,0,1,1
"ILMA LUCERO PRIETO DE AVELLANEDA","VERDES",6,32,1,14,76,31,11,2,0,1,14,3,0,176,15,0,0,2,21,11,2,0,4,0,3,7,1,11,74,10,25,1,1,1
"WITNEY CHAVEZ SANCHEZ","VERDES",5,785,16,651,3065,375,428,293,35,55,107,543,22,2141,1504,5,34,485,234,233,180,107,499,145,189,124,1,123,267,466,3228,23,68,24
"JORGE IVAN OSPINA GOMEZ","VERDES",5,329,9,28,1085,33,72,117,6,10,1154,76,218,12,87,14,2,110,19,23,37,191,66,10,44,122,8,71,10,125,25955,2,7,50
"PEDRO ENRIQUE CASTAÑEDA LEON","VERDES",5,89,8,19,364,18,35,9,0,19,20,19,0,6,880,0,4,9,5,29,26,16,23,7,7,14,0,22,1,33,95,0,1,1
"CARMEN PATRICIA CASTELLANOS CASTELLANOS","VERDES",5,28,2,7,79,11,10,1,0,16,11,5,0,2,13,0,0,4,1,7,6,6,7,1,2,4,1,4,3,3,20,0,1,2
"SANDRA PATRICIA CRUZ FONTECHA","VERDES",4,103,8,61,357,37,138,14,5,32,65,15,2,36,88,5,6,17,11,32,113,58,22,5,16,15,1,24,14,32,119,2,18,6
"JORGE IGNACIO GARCIA GONZALEZ","VERDES",4,383,1,66,343,50,41,103,14,6,16,476,2,11,109,0,1,9,163,106,12,28,22,2,5,16,0,36,4,24,91,0,0,11
"MARTHA EUGENIA BOTERO TERREROS","VERDES",4,189,35,89,433,33,116,20,17,36,69,35,6,18,99,9,16,25,22,30,251,53,81,7,17,40,5,54,15,76,151,4,10,11
"EDINSON CASTILLO LOPEZ","VERDES",4,34,0,6,80,5,6,7,0,9,3,2,1,2,19,1,0,2,5,4,63,3,8,1,10,12,1,7,2,16,132,0,0,2
"GLORIA EMILSE RAMIREZ GARZON","VERDES",4,21,1,11,99,8,11,4,1,1,10,2,0,2,17,0,0,4,1,11,1,9,13,1,2,3,0,7,1,9,36,0,0,0
"JEIMMY ANDREA RAMIREZ RONDON","VERDES",4,23,0,11,52,3,13,9,0,8,5,1,1,8,9,0,0,5,1,10,3,8,1,2,3,1,0,7,3,6,26,1,0,2
"ARALDO ANTONIO LOPEZ HERAZO","VERDES",3,538,3,258,2777,306,246,29,64,24,97,177,17,460,318,13,1,109,121,136,66,59,367,13,48,50,3,194,175,252,359,0,2,8
"FELIX JOSE VALERA IBAÑEZ","VERDES",3,184,10,323,584,98,80,20,6,10,45,7265,2,257,72,0,5,30,341,538,12,71,96,10,33,21,0,153,179,38,237,4,7,9
"EVELIO JOSE DAZA DAZA","VERDES",3,159,9,618,935,277,103,24,17,6,17,6464,12,40,75,0,5,54,142,893,17,29,26,10,1,7,18,65,164,22,103,2,2,20
"VICTOR MANUEL BEJARANO BUSTOS","VERDES",3,84,4,29,711,16,56,18,6,23,16,38,2,8,238,1,0,15,4,14,83,19,73,4,2,13,0,32,5,65,81,0,43,3
"JULIO ALBERTO RAMIREZ CRUZ","VERDES",3,96,4,13,285,11,60,9,5,10,8,6,1,7,62,1,0,9,5,22,9,17,14,3,5,13,1,70,1,31,49,0,2,2
"SILVIA PATRICIA VALBUENA PALLARES","VERDES",3,78,11,19,303,5,30,5,1,8,21,7,1,6,63,0,0,15,5,6,6,15,13,4,2,19,1,135,1,7,74,0,2,7
"SERGIO ALFONSO GONZALEZ LEON","VERDES",3,30,9,7,218,3,11,5,1,12,2,3,2,2,21,1,0,1,0,4,1,2,1,0,9,4,0,5,2,2,25,0,0,2
"LUKAS PASOS ABADIA","VERDES",3,397,3,23,427,12,44,180,0,4,20,29,0,10,59,4,1,14,11,4,6,19,58,3,18,50,0,41,3,21,102,1,0,6
"DANILO VILLAFAÑA TORRES","VERDES",2,235,5,86,470,37,66,17,1,14,63,96,7,174,62,1,1,7,45,129,22,41,14,6,17,17,1,24,48,34,318,0,9,16
"ELINA JUDITH RODRIGUEZ AGUILAR","VERDES",2,26,7,65,57,16,8,3,2,3,12,3,1,6,9,1,1,7,23,9,3,6,78,0,5,3,2,9,1,1,25,1,0,6
"LAZARO VICTOR DIX SANCHEZ","VERDES",2,89,7,21,260,35,34,4,4,5,16,8,1,9,38,1,0,6,7,5,8,13,102,1,5,14,1,25,4,8,96,0,0,3
"JOSE BERNAL GARCIA","VERDES",2,135,43,17,374,17,63,15,5,12,15,101,3,10,53,1,1,12,9,27,9,21,5338,0,8,15,0,183,1,18,228,0,1,12
"LUIS FERNANDO ARISTIZABAL TABARES","VERDES",2,710,4,9,207,18,52,8,1,6,18,9,1,4,40,0,0,7,2,7,8,20,24,1,2,21,2,25,0,13,57,0,0,3
"ALEJANDRO MEZA CARDALES","VERDES",2,301,2,30,387,170,28,26,7,11,39,10,19,19,72,0,4,10,4,21,5,37,22,3,11,18,0,25,75,23,411,0,1,3
"MANUEL JULIAN ACOSTA BARROS","VERDES",2,101,3,177,206,4,43,3,4,11,16,4,0,3,38,0,0,4,3,10,2,8,32,0,6,10,2,16,0,7,44,0,0,5
"ENRIQUE CARRANZA LABARCES","VERDES",2,23,1,11,162,13,9,2,1,0,1,5,0,0,56,0,0,0,3,45,0,6,7,0,1,2,0,8,1,7,14,0,0,0
"JESUS HUMBERTO MOLINA GIRALDO","VERDES",2,21,0,24,271,273,12,1,0,2,3,6,0,2,59,0,0,4,14,28,5,4,5,0,6,1,0,8,8,62,12,0,0,3
"ALVARO PEREZ VIDES","VERDES",1,196,19,41,492,93,86,14,4,6,17,527,48,15,52,1,2,43,17,48,6,10,105,2,7,24,1,6202,15,20,100,0,1,4
"NATALIA PARRA OSORIO","VERDES",1,497,6,78,3238,43,99,298,3,8,38,56,0,138,238,1,0,20,11,51,29,161,376,42,112,67,3,254,6,49,628,0,0,27
"ERWING REINALDO RODRIGUEZ-SALAH","VERDES",1,37,0,12,159,12,12,6,1,2,5,2,0,3,20,0,2,2,1,2,2,7,14,1,3,3,1,661,3,9,30,1,0,4
"DAVIDSON FOURIER ARISTIZABAL GUERRA","VERDES",1,28,2,7,153,10,11,0,4,5,5,4,0,4,27,0,2,3,2,4,4,4,5,0,6,4,0,83,0,7,25,0,1,2
"LAYS YESSENIA MOSQUERA CHAMORRO","VERDES",1,89,2,16,222,13,38,15,2,8,21,11,5,7,37,0,1,6,6,21,7,15,54,1,4,11,0,24,2,15,52,0,2,29
"MARTHA LUCIA CUELLAR DE SANJUAN","VERDES",1,115,5,28,260,14,26,11,1,3,15,12,0,3,45,0,1,7,2,14,10,45,48,2,6,57,1,25,5,35,133,1,2,4
"LUZ FANY ZAMBRANO SORACA","VERDES",1,99,1,175,370,11,858,24,3,29,164,21,0,8,84,0,0,60,8,125,12,18,32,1,9,10,0,75,3,48,127,1,0,6
"ENGELBERTO DIAZ HURTADO","VERDES",1,69,9,21,225,9,38,10,5,6,21,6,1,5,41,0,2,7,2,13,11,15,26,1,11,12,0,18,2,9,126,1,2,9
"NINI GRANADILLO GOMEZ","VERDES",1,62,14,13,388,33,17,9,2,6,7,7,1,5,56,0,0,2,4,17,7,8,45,3,0,6,9,40,7,12,58,0,1,1
"JULIO CESAR ARDILA","VERDES",1,48,0,13,157,4,17,28,2,3,16,2,1,3,24,0,1,2,4,6,3,9,12,1,20,202,0,11,1,15,97,0,0,6
"TARSICIO RIVERA MUÑOZ","VERDES",1,39,4,11,115,8,14,2,3,1,17,1,0,5,21,0,0,0,1,6,3,9,7,1,2,10,0,5,4,4,21,0,0,11
"FRANCISCO FERNANDO COVALEDA HERRERA","VERDES",1,30,0,12,213,8,7,13,0,1,26,10,1,9,31,0,1,1,1,11,3,144,8,5,3,6,1,4,41,30,51,0,1,2
"JHON MANUEL PRECIADO","VERDES",1,27,5,5,122,3,12,1,7,1,10,1,0,3,9,0,1,2,1,0,1,7,6,1,13,3,0,6,3,4,15,0,1,0
"JUAN PABLO FERNANDO DIAZ RUBIO","VERDES",1,20,2,7,70,5,9,4,0,2,2,1,0,5,12,0,1,2,2,2,1,2,9,0,3,1,0,11,4,1,14,0,0,1
"FABIO CIFUENTES CERON","VERDES",1,18,0,10,79,9,7,1,1,0,4,14,0,7,14,0,0,1,9,5,0,6,4,0,0,4,0,4,2,3,17,0,0,0
"WILDER NAVARRO QUINTERO","VERDES",1,374,2,1296,332,519,61,4,9,10,13,3054,38,47,53,3,13,8,4753,951,35,54,42,0,15,17,9,93,66,14,56,1,1,65
"CECILIA TORRES BERNAL","VERDES",1,21,1,13,54,16,17,12,0,0,6,2,1,5,15,0,0,1,0,7,1,5,10,0,0,2,0,6,2,3,19,0,0,0
"GLORIA INES VALENCIA BOHORQUEZ","VERDES",1,32,0,13,111,5,6,3,0,1,2,1,0,5,19,0,0,4,2,7,0,2,3,0,4,2,0,9,0,4,15,0,0,4
"JULIO ESNEIDER CRUZ RODRIGUEZ","VERDES",1,41,1,17,156,12,7,2,2,3,11,7,0,15,16,0,0,6,7,190,2,12,2,0,2,2,0,9,2,96,17,0,0,1
"SAMUEL DIAZ ESCANDON","VERDES",0,802,0,450,567,296,22,9,1,6,307,306,1,432,64,0,0,13,48,57,9,50,19,1,16,60,0,177,117,478,182,1,1,2
"CARMEN DAVID QUINTERO GELVEZ","VERDES",0,66,31,34,186,16,21,10,4,9,65,34,3,4,16,4,14,7,4,18,6,70,616,2,7,15,1,47,3,8,85,0,4,8
"EDWIN SALCEDO VASQUEZ","VERDES",0,41,1,87,317,412,22,7,11,3,8,9,9,5,109,3,6,24,5,9,6,4,14,0,15,8,9,25,7,35,47,0,14,16
"MARLENE ZAMBRANO PADILLA","VERDES",0,51,0,10,158,8,10,6,3,1,12,9,0,5,27,0,3,6,4,6,6,6,17,18,0,5,0,17,3,7,34,1,1,4
"CESAR HERNANDO MAHECHA","VERDES",0,24,1,9,260,61,73,8,0,1,6,6,1,2,642,0,0,0,3,11,5,6,31,0,5,3,2,17,5,20,29,0,0,7
"OLIMPO NAYITH OCHOA","VERDES",0,16,0,268,61,28,5,5,4,2,9,28,4,3,15,1,2,2,34,38,4,2,19,0,2,6,2,5,3,11,26,0,0,2
"HORACIO CORREA GARRIDO","VERDES",0,48,6,14,94,29,11,4,0,5,23,3,7,6,15,0,4,7,3,13,3,15,233,0,2,7,0,18,8,13,54,2,0,10
"FERNANDO JOSE GREGORIO PERNIA MALDONADO","VERDES",0,45,15,24,300,8,14,21,0,11,10,9,2,6,56,0,0,7,3,7,4,4,9166,1,6,7,1,114,21,32,53,2,1,8
"FAUSTINA MANRIQUE RAMIREZ","VERDES",0,19,1,179,366,6,88,6,1,1,6,3,2,2,39,0,0,3,2,8,4,39,123,0,4,10,0,27,5,5,10,0,1,3
"JOSE DE JESUS LUJAN ZAPATA","VERDES",0,53,15,18,306,13,12,50,0,3,16,3,2,2,60,0,4,45,2,9,13,5,54,0,5,70,0,62,1,8,70,0,1,2
"DALIA FERNANDA PINEDA AGUASACO","VERDES",0,74,1,17,158,14,35,5,1,5,12,6,4,2,32,0,1,4,4,7,4,13,21,2,4,12,0,29,3,9,60,1,0,9
"LUIS FERNANDO OLIVARES RODRIGUEZ","VERDES",0,119,4,27,449,33,115,35,1,6,12,32,1,4,103,0,0,10,4,16,16,19,33,3,3,11,1,105,22,14,64,0,0,3
"JULIO RAFAEL ARIAS MORENO","VERDES",0,24,0,12,102,2,14,3,0,2,6,5,1,1,10,0,1,2,0,2,2,6,4,0,5,5,0,6,2,5,10,0,1,2
"GLADYS DELGADO DE RODRIGUEZ","VERDES",0,20,1,5,50,7,4,4,0,43,2,1,0,3,6,0,0,0,0,6,1,4,2,0,2,2,0,5,3,1,12,0,0,4
"HUMBERTO ALIRIO VALERO MAYORGA","VERDES",0,15,1,18,103,15,13,4,0,61,9,3,1,3,21,0,0,3,3,0,2,3,27,0,5,11,1,10,4,83,29,0,1,0
"RUBY STELLA MORALES SIERRA","VERDES",0,11,0,20,47,4,3,1,0,1,5,10,0,2,8,0,1,0,14,6,2,21,5,0,3,5,0,45,0,3,7,0,0,2
"FLOR VALERIO GOMEZ","VERDES",0,11,1,4,50,218,1,46,3,3,2,6,0,4,18,0,1,1,1,8,1,1,2,1,7,24,0,112,0,8,6,0,0,1
"ORLANDO MOSQUERA FORERO","VERDES",0,46,0,2,85,12,6,17,0,29,6,1,1,1,15,0,0,4,0,2,4,7,5,0,874,18,0,13,4,6,36,1,2,6
"PEDRO NAIRO VERGARA NIÑO","VERDES",0,680,1,10,92,6,57,6,1,12,6,3,7,1,6,0,0,2,4,4,1,14,7,1,2,7,0,11,3,5,12,0,3,6
"BLANCA NELSY SEPULVEDA SANCHEZ","VERDES",0,66,0,20,96,14,22,13,1,2,11,26,1,3,27,0,1,6,33,13,6,16,7,6,3,8,0,12,1,11,37,0,1,0
"FANNY CECILIA ROMERO ROJAS","VERDES",0,26,0,3,89,5,9,6,0,0,3,10,1,5,8,0,2,1,9,2,3,8,6,1,1,2,0,8,1,5,25,0,0,1
"LUIS ENRIQUE OLIVERA PETRO","VERDES",0,26,3,5,50,7,12,2,0,18,2,12,1,79,11,0,0,1,3,4,2,3,6,1,1,1,0,10,1,7,13,0,0,1
"JOSE LUIS CADENA MONTENEGRO","VERDES",0,19,0,11,65,9,11,4,1,0,3,16,1,7,12,0,0,2,11,6,2,21,1,0,2,3,0,8,1,9,11,0,0,0
"JORGE LUIS VALDES HERNANDEZ","VERDES",0,24,0,23,84,14,6,3,1,1,3,7,0,1,6,0,0,0,8,7,4,10,4,2,1,3,0,8,1,3,12,0,1,1
"MARIA MERCEDES MORENO DE LALINDE","VERDES",0,33,1,377,131,65,6,5,1,2,11,36,2,18,31,1,0,5,8,145,7,5,7,0,1,4,1,8,48,7,30,0,0,2
"SOLO LISTA PARTIDO DE LA U","LA U",298,22942,1887,12971,18196,12342,5252,8972,2057,2609,5005,6503,3515,16323,12433,239,749,5638,6059,7629,7945,4751,5914,818,2465,5606,348,3574,4991,7395,18073,115,735,880
"ARMANDO ALBERTO BENEDETTI VILLANEDA","LA U",822,1045,34,11820,18412,2251,538,184,48,253,148,895,74,1064,1921,67,43,390,6983,4961,2794,182,365,822,85,103,29,1060,812,1605,695,6,167,302
"MIGUEL AMIN ESCAF","LA U",177,4784,9,35911,961,4664,263,76,21,5,56,813,198,1234,313,30,9,50,552,27227,58,55,155,178,156,80,13,357,5016,116,342,9,4,52
"MARITZA MARTINEZ ARISTIZABAL","LA U",85,569,1258,812,2387,301,952,237,68,2963,232,158,159,739,4552,70,2369,253,81,258,50973,158,144,19,114,93,16,288,224,586,422,279,1170,48
"WILLIAM JIMMY CHAMORRO CRUZ","LA U",71,5500,332,2760,9273,1793,991,1969,381,176,825,1936,259,1054,2433,23,77,977,1217,806,809,2500,1386,159,780,2291,142,5404,508,2461,10679,30,56,947
"MILTON ARLEX RODRIGUEZ SARMIENTO","LA U",61,117,75,373,13468,1177,1537,216,739,148,92,343,143,316,23025,48,37,4159,332,334,273,79,518,219,390,42,1,187,120,5303,922,2,0,19
"JAIRO DUBAN PINEDA NIÑO","LA U",57,576,241,183,1460,276,526,389,337,96,332,630,174,415,594,4,33,177,139,1146,269,631,653,170,62,204,2,699,141,484,883,31,27,25
"MUSA BESAILE FAYAD","LA U",47,10689,26,10441,1596,4957,84,183,12,29,101,887,132,82278,246,1,11,45,3885,8605,86,43,86,14,41,85,22,58,19678,137,794,4,62,37
"ANGEL CUSTODIO CABRERA BAEZ","LA U",29,230,176,2003,20866,139,7681,151,55,174,441,298,413,566,5923,7,8,302,63,336,147,88,1511,44,2092,69,102,290,142,1547,701,27,17,37
"ALVARO ARLES RENDON HENAO","LA U",28,317,8,28,86,76,18,48,0,7,91,16,12,44,38,0,2,14,14,16,17,22,22,2,15,12,1,29,23,16,36,2,1,0
"YOHANA SALAMANCA JIMENEZ","LA U",25,1275,216,637,9343,681,1045,469,55,165,350,236,261,418,2329,11,24,373,192,511,526,473,422,82,674,435,33,366,427,729,1421,12,32,36
"JORGE EDUARDO GECHEN TURBAY","LA U",21,302,41,528,3862,223,287,102,1419,45,173,585,543,889,1488,6,545,19725,1212,623,406,123,189,561,228,186,19,649,478,7701,2490,11,90,30
"BERNARDO MIGUEL ELIAS VIDAL","LA U",19,2917,39,688,2059,1228,358,175,26,38,84,606,160,84867,1841,0,8,398,16950,3007,186,215,3870,28,26,90,19,1149,17417,285,1193,1,13,183
"ROY LEONARDO BARRERAS MONTEALEGRE","LA U",16,2960,271,1560,5153,750,4216,1226,660,115,7875,175,1087,798,4627,53,52,238,56,781,1158,1602,422,234,1820,498,27,3140,423,3658,34687,3,149,44
"JOSE NORBEY SALAZAR SALAZAR","LA U",14,138,4,57,796,54,33,113,13,9,39,127,8,52,211,0,3,24,29,25,51,164,56,51,6398,134,2,64,43,544,745,4,9,50
"ASTRID SANCHEZ MONTES DE OCA","LA U",12,1064,13,329,646,105,201,39,53,12,226,179,8255,606,155,12,13,100,101,218,37,115,86,125,82,198,8,75,104,42,918,8,4,20
"JOSE ALFREDO GNECCO ZULETA","LA U",12,1655,52,1298,1008,4823,49,99,10,33,48,64049,54,396,211,27,3,60,14595,5189,83,27,1815,7,30,34,16,558,362,825,244,3,1,65
"FREDY JOSE PADILLA DE LEON","LA U",11,435,142,1547,4226,374,846,95,28,57,104,213,150,602,1540,12,15,268,731,1950,511,149,315,32,86,129,11,390,119,514,632,24,23,68
"CARLOS ROBERTO FERRO SOLANILLA","LA U",11,304,27,311,3501,465,4416,228,558,294,189,360,161,1130,24801,9,31,339,78,266,333,131,1887,27,105,74,14,252,132,2222,900,5,65,37
"WILMAR ORLANDO BARBOSA ROZO","LA U",10,324,402,222,1302,78,231,77,32,1037,48,130,20,90,795,88,317,412,174,69,33961,63,151,12,49,467,23,129,100,1070,336,67,491,151
"MANUEL GUILLERMO MORA JARAMILLO","LA U",9,121,1149,524,3508,127,421,41,20,367,44,887,38,62,197,1,1,153,114,391,73,512,32194,9,27,23,21,3422,56,77,215,0,27,1168
"EDUARDO ENRIQUE PULGAR DAZA","LA U",9,198,8,41077,490,5882,38,16,1,3,18,4436,353,2212,111,0,0,13,1768,18765,345,29,182,1,30,29,19,91,7227,28,106,8,2,35
"OSCAR MAURICIO LIZCANO ARANGO","LA U",8,46933,32,265,1290,304,125,35424,39,46,326,141,400,1661,3625,2,35,273,212,281,416,172,135,67,216,516,3,514,998,766,1109,119,8,64
"YEZMID AREVALO USME","LA U",7,578,6,131,253,70,42,38,8,10,23,18,21,105,131,3,6,18,21,85,25,28,27,2,21,34,1,25,52,92,118,0,0,10
"JAIME ALONSO ZULUAGA ARISTIZABAL","LA U",6,1147,24,214,2694,100,653,18581,27,14,274,161,313,758,568,0,20,261,469,164,128,80,448,8,961,454,6,143,533,7106,831,3,9,41
"JOSE DAVID NAME CARDOZO","LA U",6,1298,2774,53068,2700,3786,343,81,7,298,25,2229,303,1221,906,2,28,81,1308,16159,1584,662,183,14,1099,34,53,711,10840,114,1126,3,53,116
"CARLOS EDUARDO HERNANDEZ MOGOLLON","LA U",6,875,133,165,1050,200,70,36,13,42,153,206,84,553,73,0,258,396,33,307,112,117,19530,11,27,130,3,2489,1951,482,1311,1,5,40
"MAURICIO VILLABONA SUAREZ","LA U",6,143,9,94,108,55,22,67,3,4,18,329,15,35,112,0,1,16,65,42,19,21,30,7,19,24,0,29,28,47,124,1,6,30
"MARIA ALEJANDRA LILIANA TRUJILLO MONCALEANO","LA U",5,438,28,1511,523,280,187,114,28,29,109,121,79,249,416,6,12,126,88,182,251,84,193,16,57,551,5,196,139,215,397,12,27,39
"CARLOS ENRIQUE SOTO JARAMILLO","LA U",5,927,34,140,683,165,122,1437,27,33,204,694,699,122,340,2,11,119,55,98,524,149,101,8,816,30468,7,57,67,1457,6176,5,24,76
"EFVANNI PAOLA PALMARINY PEÑARANDA","LA U",4,184,12,51,560,51,49,58,17,6,45,26,19,222,200,0,5,109,12,37,52,19,65,5,11,60,1,62,62,51,123,0,4,32
"FERNANDO BALLESTEROS VALENCIA","LA U",4,182,13,116,326,224,60,47,6,10,24,26,22,93,176,1,5,32,28,101,47,77,45,8,41,234,1,45,37,264,197,1,4,38
"ANDRES FELIPE GARCIA ZUCCARDI","LA U",4,111,1,1121,4159,36348,49,35,4,5,11,871,19,125,249,1,4,61,895,4046,43,29,29,4,5,11,7,95,1796,39,31,2,0,10
"JUAN PABLO SALAZAR SALAMANCA","LA U",3,1579,57,354,9563,575,440,420,28,47,387,106,91,656,1092,2,9,151,105,232,182,88,357,44,97,176,7,410,667,468,2585,19,40,151
"ROOSVELT RODRIGUEZ RENGIFO","LA U",3,462,88,3766,2289,84,99,66,13,27,1859,118,6521,769,2446,5,12,249,151,310,209,1474,102,36,1016,173,22,175,94,271,77232,3,17,68
"MARGARITA MARIA OROZCO TUIRAN","LA U",3,189,16,88,257,52,75,39,6,6,28,29,15,117,144,4,3,40,39,57,62,31,47,3,20,51,2,38,35,66,114,1,1,30
"MARTIN EMILIO MORALES DIZ","LA U",2,448,10,470,497,992,60,34,2,6,14,201,55,64529,484,1,1,21,150,260,258,15,403,6,41,16,147,51,392,93,144,1,2,12
"PEDRO ANTONIO AGUILAR RODRIGUEZ","LA U",2,94,15,143,730,335,187,104,4,70,387,141,10,234,160,0,0,51,48,86,34,390,145,6,220,56,2,143,35,40,619,5,1,3
"LORENA SANCHEZ RAMOS","LA U",2,56,18,246,243,45,116,8,13,6,16,39,16,46,113,0,3,53,14,116,30,16,138,3,25,23,2,37,103,29,139,0,5,5
"CARMEN LEIDIANA GARCIA PASTRANA","LA U",2,35,10,91,78,21,8,7,2,3,6,7,7,24,27,1,4,13,9,45,174,6,89,0,6,73,0,22,14,19,51,1,0,1
"CARLOS ENRIQUE FORERO SANCHEZ","LA U",2,198,38,78,372,106,47,65,19,17,71,35,24,128,141,3,6,53,15,62,156,32,55,6,15,93,3,39,53,101,160,0,6,23
"DIANA CAROLINA CAÑON JOYA","LA U",2,179,6,65,270,55,36,42,5,11,31,37,18,78,109,0,4,25,7,41,71,16,31,0,14,105,2,25,29,65,140,0,6,40
"ISMAEL ANTONIO GONZALEZ MOLINA","LA U",2,157,12,85,278,110,55,44,3,8,23,40,10,58,184,1,56,30,40,39,53,33,22,2,11,25,0,22,27,47,86,0,1,28
"MANUEL MESIAS ENRIQUEZ ROSERO","LA U",2,148,33,100,1546,90,80,56,43,24,1319,168,62,64,2548,6,2,63,103,409,100,36865,37,679,147,41,0,83,628,238,525,0,9,65
"LUIS FERNANDO RODRIGUEZ SEPULVEDA","LA U",2,99,2,54,143,110,121,43,2,1,54,16,6,675,49,0,0,7,32,53,13,9,12,5,3,16,1,64,249,17,52,2,0,1
"HERIKA YANETH AGUIRRE PATIÑO","LA U",1,125,4,35,157,57,8,30,1,3,28,55,23,88,41,0,0,11,25,27,14,16,74,2,4,14,3,31,6,18,134,0,1,6
"LUZ RUBIELA RODRIGUEZ BAREÑO","LA U",1,56,24,461,167,382,31,16,1,10,7,32,10,120,101,2,9,19,35,131,31,29,181,5,23,10,4,32,81,42,37,0,4,15
"CAMILO ALBERTO ENCISO VANEGAS","LA U",1,249,17,87,305,64,46,39,10,16,38,34,15,100,160,1,7,34,48,81,68,53,54,6,11,36,1,16,31,51,133,1,5,30
"MARIA MIRTHA ROMERO SEGURA","LA U",1,181,13,63,305,37,64,59,6,10,31,34,24,75,151,0,3,70,10,42,43,24,112,6,12,30,2,30,18,46,145,1,3,22
"GREGORIO CARO MORENO","LA U",1,204,2,52,220,49,36,45,8,7,18,26,12,134,109,0,2,24,21,31,47,27,17,5,12,60,2,22,31,51,82,1,0,31
"JOSE EDUARDO POLANCO URQUINA","LA U",1,129,4,61,359,73,55,31,10,5,22,32,25,113,98,0,0,24,32,46,31,26,28,4,8,24,2,35,32,37,88,0,1,39
"GERMAN DARIO HOYOS GIRALDO","LA U",1,40561,8,456,612,256,155,104,9,82,112,133,1148,273,222,2,738,89,43,163,91,307,333,2,56,96,1,643,1278,1242,5740,0,0,43
"MARIA ANDREA NIETO ROMERO","LA U",1,92,10,43,506,27,59,23,1,7,19,64,15,86,114,1,6,19,9,64,43,25,32,6,5,33,2,17,31,31,125,1,5,36
"JORGE IVAN DAVILA DAZA","LA U",1,75,15,106,184,65,17,13,2,5,15,13,9,47,50,0,1,10,12,14,37,36,24,1,7,32,0,15,14,36,62,0,1,27
"LUIS FERNANDO RESTREPO GOMEZ","LA U",1,100,0,10,58,19,8,7,1,11,4,11,7,20,24,0,1,7,3,6,18,39,8,4,28,54,1,17,15,7,46,0,1,20
"MARTHA LIZ VEIRA MARTIN","LA U",1,40,2,13,119,36,14,12,0,1,12,8,4,52,49,0,1,9,3,7,22,38,8,1,32,20,0,10,9,19,26,1,1,14
"LUIS OSWALDO BAUTISTA PULIDO","LA U",1,27,0,28,184,116,8,10,1,4,8,4,2,11,24,0,0,1,2,10,7,30,5,2,30,5,0,7,6,10,26,1,1,26
"WILMER ANDREY DAZA IBARRA","LA U",1,44,2,32,196,347,8,17,0,1,10,14,7,23,29,0,0,4,14,57,6,6,4,0,7,26,0,7,12,14,33,0,0,0
"GEMA LOPEZ DE JOAQUI","LA U",1,292,11,244,357,243,157,41,8,6,22174,17,31,399,106,0,0,200,109,104,22,297,15,33,26,14,7,20,1672,113,878,1,10,19
"SANDRA ELENA VILLADIEGO VILLADIEGO","LA U",1,277,41,1419,835,46906,115,331,6,292,204,298,69,2615,162,1,3,34,120,842,39,653,58,68,19,52,12,193,915,33,272,3,43,28
"ALFONSO RAFAEL LEMAITRE SOLEIMAN","LA U",0,24,5,70,366,257,73,8,10,7,10,15,1,42,189,1,1,21,7,30,38,173,19,0,15,31,2,13,17,102,56,0,1,6
"ANIBAL LOZANO GARCIA","LA U",0,43,14,69,230,33,22,12,3,12,4,469,1,19,107,2,1,10,43,23,60,9,43,2,25,15,1,47,143,32,34,0,3,10
"ANDRES RICARDO CELIS SARMIENTO","LA U",0,32,3,83,166,33,10,6,23,4,8,9,5,11,30,0,0,4,3,18,7,7,21,0,8,6,0,3,8,13,21,2,2,1
"ARMANDO LUGO MARTINEZ","LA U",0,26,2,22,73,69,7,7,0,3,5,6,1,30,69,1,0,4,2,25,7,4,18,0,1,7,0,19,12,11,15,0,1,3
"JULIO ERNESTO ESTRADA RINCON","LA U",0,350,2,41,100,578,16,15,3,3,9,11,3,58,50,0,1,9,24,56,12,20,53,0,1,20,3,23,36,46,76,0,2,3
"ARMANDO MORENO LOPEZ","LA U",0,28,3,31,96,26,6,8,4,1,4,5,5,8,37,0,0,10,2,10,93,9,28,0,6,44,0,7,8,18,41,0,5,2
"CARLOS ALBERTO RAMIREZ ROJAS","LA U",0,27,6,19,254,21,17,12,1,6,8,117,13,15,36,0,1,11,4,6,134,3,134,0,5,130,0,18,13,16,29,2,4,136
"GUILLERMO ALFONSO PARRA RODRIGUEZ","LA U",0,193,34,117,390,53,49,31,5,10,16,70,20,160,102,0,2,21,67,41,124,15,38,3,9,41,4,40,80,42,95,1,2,23
"ROSA MARIA CORCHO OLAYA","LA U",0,161,7,601,428,185,30,18,5,10,13,22,10,30,145,0,5,23,24,82,28,23,33,1,8,17,4,23,31,39,251,0,2,17
"JOSE OMAR MARROQUIN SANCHEZ","LA U",0,98,8,44,301,25,17,12,1,9,6,25,5,26,87,0,2,21,12,20,63,13,10,2,11,16,0,20,12,190,59,0,2,18
"JUAN PABLO HERRERA HUERTAS","LA U",0,68,6,55,201,296,11,15,1,3,33,26,4,27,44,0,0,7,18,38,10,18,16,1,6,12,0,13,39,16,45,1,0,15
"JULIO CESAR PRADA VARON","LA U",0,52,1,18,97,36,14,12,2,2,19,9,3,11,45,0,0,5,0,15,10,49,8,2,6,10,1,7,13,32,35,0,0,13
"LUIS FERNANDO FRANCO PALACIOS","LA U",0,47,7,16,158,21,6,27,0,1,10,6,3,20,72,1,1,13,3,11,25,69,6,5,74,16,0,7,16,23,32,0,3,88
"CARLOS CARDENAS ORTIZ","LA U",0,23,35,11,132,130,93,16,0,466,3,3,3,19,34,1,2,10,5,11,28,74,3,3,8,20,0,38,10,46,55,1,0,24
"LUZ MARCELA CORREA ZULETA","LA U",0,17,0,11,130,7,6,7,3,3,3,12,8,56,27,1,3,3,6,2,21,4,6,3,7,11,0,12,5,10,14,0,0,25
"JOHN GILBERTO LOAIZA GOMEZ","LA U",0,18,1,14,113,22,5,203,2,4,4,13,18,1,35,0,0,2,21,5,4,13,4,0,11,71,1,3,5,15,19,0,0,22
"MONICA FORERO HERNANDEZ","LA U",0,29,4,33,174,164,4,32,2,3,10,2,8,15,25,0,0,5,4,10,20,29,13,11,24,6,0,10,17,14,37,0,1,17
"OLGA MERCEDES CHINCHILLA MORALES","LA U",0,38,4,74,69,20,11,8,0,1,28,14,5,9,66,0,1,7,6,9,7,161,11,0,3,13,0,8,17,6,26,0,1,8
"LEIDY ANDREA FEO MAHECHA","LA U",0,62,2,29,114,26,25,4,1,5,7,37,10,266,59,2,2,20,66,28,29,10,14,2,6,11,1,21,58,16,40,1,1,18
"LYDA INGRID MARCELA MOLANO CASIANO","LA U",0,31,5,12,67,10,18,6,1,2,8,85,11,27,41,0,1,20,6,2,63,9,9,0,4,20,0,19,4,15,90,1,1,30
"ADRIANA PATRICIA SAAVEDRA GUZMAN","LA U",0,52,5,16,67,10,24,6,1,0,11,39,19,28,54,0,0,8,4,13,15,6,7,3,7,7,0,10,6,14,26,1,1,11
"EDWARD GARNICA MONTAÑEZ","LA U",0,60,4,68,54,32,17,17,0,2,5,15,3,29,53,0,1,4,6,68,7,9,8,1,8,8,0,10,10,13,23,0,2,7
"NUVIOLA CIRO GOMEZ","LA U",0,81,0,20,63,23,15,6,0,8,5,12,26,244,38,0,1,6,81,9,22,4,3,3,0,13,0,5,8,15,25,0,1,2
"NANCY STELLA VERGARA MUÑOZ","LA U",0,184,10,183,415,143,45,34,26,13,12,667,4,25,101,0,6,49,263,128,62,20,28,1,6,19,4,75,11,44,72,0,0,25
"OLGA INES INFANTE VELASCO","LA U",0,55,5,58,171,24,13,16,0,2,4,10,1,52,49,0,0,6,7,15,8,8,5,0,8,11,1,7,21,7,31,0,0,0
"JUAN CARLOS RODRIGUEZ CEBALLOS","LA U",0,41,2,66,70,24,8,12,1,0,6,12,5,22,42,0,0,6,18,24,7,5,2,0,2,10,2,13,43,8,35,0,1,0
"OSCAR ALEXANDER RODRIGUEZ BAEZ","LA U",0,41,3,176,86,292,13,9,0,0,8,35,4,35,25,0,0,2,27,105,6,85,3,0,6,4,0,6,44,11,26,0,1,1
"OSWALDO FIGUEROA RODRIGUEZ","LA U",0,29,3,127,84,162,15,9,3,0,7,12,6,45,44,0,0,6,19,48,3,15,6,1,2,6,9,9,31,8,21,0,1,1
"ROBERTO LUIS MONSALVO RODRIGUEZ","LA U",0,33,3,56,132,127,17,5,0,2,6,21,12,12,20,0,2,8,8,44,13,10,8,1,7,17,0,13,39,7,56,0,1,8
"EDNA PATRICIA VIRGUEZ BARRETO","LA U",0,36,4,95,163,311,12,7,1,1,16,37,3,42,37,0,0,10,15,72,4,7,3,1,2,5,3,7,25,15,27,0,0,1
"YUDY ANDREA PATARROYO ARIAS","LA U",0,41,5,156,159,71,10,6,2,1,1,25,4,11,36,2,0,6,7,26,18,8,5,1,2,3,3,10,8,8,28,0,2,2
"LUZ MARGOTH ROJAS ABAUNZA","LA U",0,61,2,190,144,126,10,7,4,2,20,36,5,145,42,0,0,5,26,497,13,7,11,0,2,7,1,4,35,18,30,0,1,1
"YESID RIVERA BARRAGAN","LA U",0,34,4,50,67,220,9,11,3,1,100,8,5,26,28,0,0,10,4,40,12,14,3,2,3,6,1,7,22,8,30,0,1,1
"JOSE ANTONIO JIMENEZ JIMENEZ","LA U",0,27,5,92,70,194,9,45,0,1,22,5,4,52,46,1,0,7,6,24,13,17,4,1,0,6,0,21,26,22,58,0,0,0
"ADOLFO LEON RENGIFO SANTIBAÑEZ","LA U",0,136,4,70,227,433,38,43,4,4,95,23,281,71,57,0,3,17,6,28,46,33,12,0,14,59,0,49,17,28,1512,0,0,15
"TITO EDMUNDO RUEDA GUARIN","LA U",0,80,12,280,442,117,188,14,3,6,9,26,8,30,149,0,2,39,24,257,39,13,26,1,9,7,9,3671,17,34,45,3,0,9
"MARIA ALEJANDRA MAYA ERASO","LA U",0,372,6,301,373,420,50,33,2,3,23,10,17,51,59,0,1,28,24,27,9,25,13,6,17,11,6,17,25,45,86,3,1,5
"SOLO LISTA PARTIDO LIBERAL COLOMBIANO","LIBERALES",534,21107,1780,5274,17899,7776,4964,5096,1670,1885,8350,2405,2611,5826,7999,147,512,4706,2147,4917,3817,7212,7096,1801,3078,4144,861,11934,2639,7426,14317,184,442,440
"HORACIO SERPA URIBE","LIBERALES",340,5498,792,6379,29402,2350,4018,1065,129,460,606,2428,285,612,7856,31,143,633,3223,2336,1880,493,1859,266,4138,1751,165,40414,538,1989,7338,207,77,273
"GUILLERMO ABEL RIVERA FLOREZ","LIBERALES",188,2890,39,829,6513,233,847,164,490,181,849,549,45,460,2679,12,11,1829,255,231,225,2165,220,15560,285,278,29,1660,80,775,1031,1,14,44
"EDINSON DELGADO RUIZ","LIBERALES",90,760,19,336,1105,318,67,105,96,12,4247,191,975,1247,137,1,5,70,239,305,112,1427,76,392,149,1369,17,78,160,128,35418,1,5,92
"HONORIO GALVIS AGUILAR","LIBERALES",74,506,115,902,1327,266,299,108,78,176,217,226,25,345,667,3,18,73,108,300,118,127,312,36,64,180,10,26902,42,158,266,12,11,46
"JUAN MANUEL GALAN PACHON","LIBERALES",58,4125,515,1733,23153,1073,4278,551,173,469,1374,659,447,422,8434,325,58,918,212,3730,1725,2155,1300,236,1269,2874,226,5409,254,2666,4401,32,36,233
"GUILLERMO ANTONIO SANTOS MARIN","LIBERALES",51,910,38,90,3009,80,982,269,46,62,174,123,105,50,743,19,30,292,85,82,534,137,306,15,95,384,11,228,25,31636,978,4,20,23
"ANA MARIA DIAZ","LIBERALES",26,44,3,52,119,25,16,15,2,4,29,14,6,13,30,0,2,4,15,30,10,56,13,8,26,15,0,31,4,19,46,1,0,0
"ORLANDO VELANDIA SEPULVEDA","LIBERALES",24,2425,133,131,5820,185,11526,45,253,554,240,516,500,39,2119,0,12,1235,120,171,208,28,2156,269,60,84,3,3525,66,546,1056,1,3,18
"VIVIANE ALEYDA MORALES HOYOS","LIBERALES",18,1735,107,1397,33089,380,1316,374,153,196,469,691,220,839,3566,42,20,542,206,788,495,312,491,88,407,320,91,1670,211,810,2643,7,17,128
"GWENDALEN ARGEMIRA ARENAS WIGHTMAN","LIBERALES",18,162,13,36,967,29,121,59,4,3,52,10,6,7,123,1,0,16,3,27,14,24,25,7,7,37,4,35,7,53,107,18,1,27
"SIGIFREDO LOPEZ TOBON","LIBERALES",17,1648,70,828,2033,258,133,558,73,31,2164,162,283,105,440,15,5,181,53,408,266,1055,140,177,111,387,5,1572,51,876,10147,0,4,22
"ALVARO ANTONIO ASHTON GIRALDO","LIBERALES",16,777,122,28598,2498,4948,222,442,10,56,846,523,87,416,1690,5,12,59,1395,8855,927,74,111,23,67,2999,117,147,724,527,1355,7,22,34
"MARIO ALBERTO FERNANDEZ ALCOCER","LIBERALES",15,735,251,1068,1608,2078,59,75,13,63,48,408,191,2679,381,1,15,161,395,4693,257,689,127,218,28,50,108,328,30657,915,3187,0,7,29
"ARLETH PATRICIA CASADO DE LOPEZ","LIBERALES",14,5332,53,538,1200,554,164,60,75,18,161,134,140,48889,295,2,19,417,376,598,203,69,357,62,105,168,15,731,1722,367,622,6,25,26
"ANDRES CRISTO BUSTOS","LIBERALES",10,542,860,273,8132,594,822,127,15,44,248,1229,246,472,1346,4,23,139,274,3989,881,118,60503,59,228,450,17,1252,105,860,1359,4,13,176
"LUZ YOLIMA HERRERA MARTINEZ","LIBERALES",10,106,5,62,412,36,48,43,9,53,12,10,20,10,109,0,1,22,7,13,10,27,13,19,76,113,2,193,14,34,46,5,0,9
"JOSE ABIGAIL MIRANDA VIRGUEZ","LIBERALES",10,159,17,87,236,90,45,67,3,7,49,28,68,74,122,1,8,24,13,104,39,32,43,5,38,469,4,192,15,83,485,4,6,6
"RAUL CARDONA GRISALES","LIBERALES",10,228,25,40,412,45,43,46,4,13,47,12,3,23,121,1,30,23,11,49,24,592,54,6,55,272,3,91,11,161,213,2,5,5
"VICTORIA EUGENIA VARGAS VIVES","LIBERALES",10,147,7,3374,1927,604,43,27,4,4,621,215,29,152,282,2,10,22,591,2574,87,168,40,4,1061,19,1,163,156,53,188,0,3,15
"RODRIGO VILLALBA MOSQUERA","LIBERALES",9,568,52,685,3607,143,138,56,1351,52,1466,148,52,645,665,3,149,34585,301,188,110,504,257,221,155,70,8,536,180,3377,349,1,8,27
"JESUS IGNACIO GARCIA VALENCIA","LIBERALES",9,195,97,56,444,238,53,68,586,19,22692,35,37,14,372,0,2,141,22,25,47,364,25,194,127,51,7,46,6,33,1510,1,1,10
"HECTOR HELI ROJAS JIMENEZ","LIBERALES",8,859,64,1052,9247,802,9391,388,41,98,292,86,131,412,1865,9,17,79,102,398,1591,169,1162,44,112,201,28,432,169,334,1837,12,22,22
"JORGE ENRIQUE GONZALEZ GARNICA","LIBERALES",8,457,8,115,3321,59,272,39,57,50,118,19,25,580,21198,8,0,198,17,45,62,14,63,80,23,37,6,95,31,264,146,6,1,15
"LUIS FERNANDO VELASCO CHAVES","LIBERALES",7,1832,380,291,5267,713,369,148,1354,175,28984,668,623,253,1384,98,5,887,58,331,256,1095,314,92,534,215,30,453,245,404,10263,4,17,54
"JAVIER TATO ALVAREZ MONTENEGRO","LIBERALES",7,204,17,159,1293,651,557,221,24,144,1642,17,20,47,260,0,0,141,116,157,31,39383,120,2332,38,141,0,78,17,96,826,1,6,26
"ROBERTO JAIRO JARAMILLO CARDENAS","LIBERALES",6,204,5,60,903,103,56,591,48,13,43,15,16,81,482,1,4,268,16,15,10,66,22,16,14304,1771,0,99,27,344,1629,5,10,34
"JUAN ALFONSO FIERRO MANRIQUE","LIBERALES",5,773,10,313,2369,421,845,237,21,27,514,57,91,234,467,1,3,953,17,242,218,262,588,42,556,199,2,919,90,475,1377,1,6,26
"WILLIAMS HENRY MUÑOZ OSPINA","LIBERALES",5,48,3,19,130,265,3,13,2,1,12,14,6,29,13,0,0,5,17,29,9,9,7,2,7,11,4,104,11,14,36,0,2,3
"ARMANDO ANTONIO DIAZ PEÑARANDA","LIBERALES",5,208,26,118,608,59,38,26,384,26,60,66,10,167,354,0,5,142,14,53,506,21,90,17,64,138,10,306,11,871,253,4,19,7
"MARIA AURORA GARCIA RODRIGUEZ","LIBERALES",5,182,11,33,238,60,55,27,17,10,48,7,10,12,75,0,3,16,8,40,16,51,34,14,23,48,6,57,22,62,251,0,2,3
"JAIME ENRIQUE DURAN BARRERA","LIBERALES",4,566,1057,274,2449,256,560,47,31,1278,222,539,389,137,417,2,6,320,114,189,665,105,2223,14,3915,2121,5,38640,22,213,2076,7,198,72
"EUGENIO ENRIQUE PRIETO SOTO","LIBERALES",4,48023,18,109,701,283,134,165,20,44,103,1161,710,101,353,5,9,46,248,456,40,34,140,29,115,1631,6,207,87,86,290,11,2,36
"LUIS FRANCISCO ANDRADE CHAVES","LIBERALES",4,181,5,59,987,33,147,42,5,2,116,7,22,28,201,0,3,41,8,42,12,1134,83,3,132,33,7,53,21,79,255,1,1,40
"GUSTAVO GUILLERMO MONCAYO RINCON","LIBERALES",4,113,9,22,253,83,14,20,3,4,38,13,32,6,61,2,3,20,10,19,30,77,20,5,2,12,8,223,10,20,63,1,2,8
"JORGE EDUARDO DURAN GALINDO","LIBERALES",4,130,6,64,173,57,44,23,8,5,33,65,7,23,66,0,2,19,22,463,23,33,27,6,10,17,6,85,6,33,88,1,2,6
"MIGUEL ENRIQUE AGUILERA HERNANDEZ","LIBERALES",4,182,1297,27,406,20,33,25,6,7,20,22,6,9,99,1,0,16,8,29,23,31,54,10,19,25,3,92,6,37,101,0,7,9
"PLUBIO GUDBERTO NIÑO NIÑO","LIBERALES",4,80,8,19,287,51,58,33,3,11,28,4,14,14,52,0,3,18,5,28,12,23,26,1,16,19,3,105,14,33,144,1,1,2
"MERCEDES CARDENAS BLANCO","LIBERALES",4,30,1,20,130,41,27,54,2,1,9,2,2,12,34,0,0,7,8,20,14,11,14,2,6,24,3,15,4,20,39,0,0,1
"ELKIN ENRIQUE GARCIA BERNAL","LIBERALES",4,55,1,22,243,27,21,20,3,2,13,0,4,17,36,0,1,16,2,13,16,41,16,5,10,6,4,22,5,19,22,0,1,2
"LUIS FERNANDO DUQUE GARCIA","LIBERALES",3,25433,65,1041,1226,187,94,6071,25,4,59,179,2348,96,310,3,211,53,70,2137,72,453,78,17,106,87,12,224,391,507,877,2,6,23
"JHON JAIRO ACUÑA PEREZ","LIBERALES",3,32,2,17,96,24,4,34,3,0,7,6,5,17,35,0,0,4,2,18,10,21,4,7,146,25,4,9,90,33,42,0,0,2
"JUAN RICARDO LOZANO AMAYA","LIBERALES",3,205,4,56,2544,44,82,256,7,17,89,11,27,13,752,0,3,51,14,30,114,273,71,75,47,116,0,245,12,93,213,0,2,9
"DARIO ANGARITA MEDELLIN","LIBERALES",3,378,3,609,5276,560,198,65,8,4,66,85,12,111,849,1,2,46,22,1121,35,71,111,3,89,61,11,157,87,139,996,0,3,12
"CARMEN NUVIS NOVA MIRANDA","LIBERALES",3,74,5,47,125,97,27,30,1,1,20,11,4,5,19,0,3,8,21,49,6,28,11,1,15,8,0,9,5,18,34,0,0,0
"JOSE ALFONSO AREVALO ROJAS","LIBERALES",3,61,2,42,180,44,34,21,4,7,19,15,2,15,102,0,0,10,5,13,10,36,5,6,10,10,0,19,16,44,51,0,0,1
"SOFIA ALEJANDRA GAVIRIA CORREA","LIBERALES",2,32301,102,917,717,288,212,132,15,42,79,94,1200,586,485,1,2,59,134,917,51,377,273,531,242,105,36,316,82,224,1365,51,69,45
"MARCELA PATRICIA POSADA ARBELAEZ","LIBERALES",2,185,5,32,690,27,25,224,8,6,101,16,6,26,155,0,0,36,7,49,21,109,35,4,21,49,1,164,9,52,177,0,1,3
"GUSTAVO SAMPER FERNANDEZ DE SOTO","LIBERALES",2,123,5,14,370,10,10,10,6,1,3,12,5,11,46,0,7,13,2,16,8,19,13,8,30,19,2,23,69,11,56,0,0,4
"IVAN DARIO OCAMPO TAMAYO","LIBERALES",2,302,37,52,207,68,43,76,8,5,78,18,15,36,74,1,2,18,12,43,22,29,66,10,12,39,3,71,5,53,131,2,0,20
"OLGA JANETH SUBA CHIVATA","LIBERALES",2,120,12,40,189,36,42,31,11,2,27,11,4,18,44,0,3,18,10,21,25,26,33,15,6,34,3,57,10,45,70,1,1,13
"YOLANDA SALGADO BLANCO","LIBERALES",2,197,13,62,268,36,57,35,8,5,59,5,18,8,76,2,2,43,13,71,21,42,27,10,47,22,7,80,16,63,450,0,0,7
"JUDITH DEL CARMEN PINEDO FLOREZ","LIBERALES",2,147,2,435,493,4415,24,26,4,5,16,59,14,101,71,0,2,16,854,2172,70,41,22,3,25,15,12,96,931,40,1172,0,1,13
"INOCENCIO ELIECER HURTADO RUIZ","LIBERALES",2,87,4,20,90,15,26,16,4,1,16,18,2,18,35,0,6,165,12,17,14,15,17,4,8,5,3,41,6,25,51,2,3,1
"JOSE LUIS MAYORCA CASTILLA","LIBERALES",2,584,22,433,2093,2260,321,25,8,20,54,8741,64,58,271,3,743,94,806,1777,60,515,107,19,132,33,9,4165,57,93,513,3,7,51
"CARLOS ALEJANDRO MAYA AGUIRRE","LIBERALES",2,33,2,13,88,17,8,15,0,4,9,5,3,3,38,1,1,2,6,14,8,12,6,3,4,4,0,23,8,10,30,0,0,1
"KENT FRANCIS JAMES","LIBERALES",2,152,3,95,1282,85,37,58,4,3,18,11,5,12,110,0,2,16,10,38,18,11,30,2,21,35,379,60,15,36,130,0,0,28
"ANA ROSA VELASQUEZ RICO","LIBERALES",2,49,4,13,62,14,12,13,1,2,22,3,7,10,21,0,0,7,6,14,14,71,8,7,11,7,0,33,12,19,33,0,0,0
"ALEJANDRO TIQUIDIMAS FERNANDEZ","LIBERALES",2,161,3,31,120,63,27,8,2,5,19,8,4,259,25,0,1,9,31,35,5,29,13,0,6,6,2,18,90,14,27,0,0,1
"FANNY PERALTA FONSECA","LIBERALES",2,107,4,55,111,45,20,16,3,0,13,5,2,14,44,0,0,22,12,13,12,62,16,13,16,7,0,184,6,22,32,0,1,0
"GUILLERMO GARCIA REALPE","LIBERALES",1,236,58,199,1157,709,50,101,640,21,2249,50,136,54,163,2,6,555,27,526,24,47524,1567,1089,110,140,83,317,28,100,3782,2,2,61
"LUIS ESNORALDO TORRES OCAMPO","LIBERALES",1,51,2,9,71,85,27,2,2,2,8,8,1,40,13,0,0,7,5,17,4,34,4,5,12,6,2,22,9,7,17,1,0,2
"MARTHA LILIANA RUIZ ORDUZ","LIBERALES",1,161,9,135,573,101,42,33,9,8,46,15,7,35,130,0,4,25,11,49,50,61,91,12,14,23,5,131,27,52,133,4,4,18
"ARMANDO CARDENAS","LIBERALES",1,153,29,37,245,22,39,36,10,10,28,12,9,22,70,1,2,33,7,28,21,40,36,11,26,23,10,73,12,39,82,0,3,8
"JORGE ENRIQUE GUTIERREZ TOBAR","LIBERALES",1,165,21,23,419,27,32,27,16,11,46,41,10,12,131,1,3,23,5,29,19,68,42,6,22,28,6,60,9,65,93,1,5,11
"MARCO AURELIO ARDILA GOMEZ","LIBERALES",1,169,17,27,743,38,74,27,7,4,54,13,6,18,89,0,1,28,8,43,31,46,108,4,11,27,6,104,12,52,146,0,5,3
"TOMAS ALBERTO MENDOZA VILLEGAS","LIBERALES",1,123,12,24,199,25,35,19,7,6,78,14,11,18,54,0,2,26,6,29,8,31,27,6,10,26,1,53,9,44,98,1,0,2
"ARTURO PALACIOS ORTEGA","LIBERALES",1,166,5,18,177,50,35,15,2,3,36,3,5,13,37,1,1,16,8,26,8,68,38,8,18,31,3,30,22,27,102,0,1,6
"EUGENIA CATALINA TRUJILLO CAMERO","LIBERALES",1,28,2,10,90,19,16,81,2,1,10,4,5,8,24,0,1,3,0,14,2,20,5,2,4,20,0,10,33,14,19,0,1,1
"RUBE AURORA GARCIA SANCHEZ","LIBERALES",1,119,10,75,106,69,31,13,6,5,67,23,13,31,67,0,3,11,17,63,16,22,16,15,6,30,7,76,89,25,89,3,4,4
"CONSUELO GRACIANO SIERRA","LIBERALES",1,262,3,24,192,21,25,10,4,5,13,33,9,12,57,0,6,10,8,23,12,13,23,4,15,19,1,56,3,93,39,0,2,3
"LUZ MARINA ROMERO MOTTA","LIBERALES",1,50,1,19,145,27,18,9,1,2,26,6,2,8,27,1,1,2,8,19,9,6,3,1,4,9,6,26,5,12,47,1,2,1
"JACK GARCIA MORALES","LIBERALES",1,46,2,13,92,8,13,13,2,2,18,7,4,8,34,0,1,4,2,9,10,14,8,4,3,10,2,21,1,8,56,0,0,1
"ANGELA TAYIRA MATEUS GOMEZ","LIBERALES",1,44,3,18,168,20,22,12,2,0,18,7,1,8,32,0,1,4,4,26,4,7,10,0,6,11,5,18,3,10,38,1,0,2
"ELIZABETH CASTILLO VARGAS","LIBERALES",1,161,0,36,814,29,32,75,3,4,21,6,4,38,66,0,0,15,20,463,14,17,20,2,8,23,3,39,8,31,95,0,0,15
"JAIRO MANTILLA COLMENARES","LIBERALES",1,759,76,2793,3596,211,1770,189,25,27,60,313,33,58,617,1,4,761,927,76,48,646,519,22,188,311,0,201,31,740,142,2,1,6
"ALBERTO PALMA CUERVO","LIBERALES",0,319,8,70,210,308,19,45,9,6,32,21,30,20,54,0,3,48,8,50,18,205,39,10,48,34,6,38,8,74,70,0,3,8
"MARIA CRISTINA GRANADOS VELASQUEZ","LIBERALES",0,54,2,12,168,14,7,27,41,1,26,1,5,5,30,1,0,5,3,8,2,14,11,9,10,12,3,14,8,19,36,0,0,2
"LIDIO ARTURO GARCIA TURBAY","LIBERALES",0,453,17,664,522,39211,37,859,6,6,15,1292,4,2806,217,0,0,14,1290,3203,13,36,286,2,23,67,712,2048,1954,55,81,0,1,18
"JUAN LUIS CASTRO CORDOBA","LIBERALES",0,5497,565,516,1821,447,78,317,200,110,1124,124,3042,199,269,0,228,344,400,435,820,748,811,22,76,735,56,620,323,205,2230,77,51,1002
"PEDRO MARY MUVDI ARANGUENA","LIBERALES",0,42,1,35,110,55,13,47,2,1,14,30,16,7,15,0,0,4,10,21,7,16,75,2,8,31,3,207,17,12,74,2,0,1
"GERMAN RODRIGO GUZMAN ACOSTA","LIBERALES",0,123,15,19,191,26,28,25,8,5,31,7,6,14,64,0,1,9,7,55,11,50,34,8,9,18,1,59,10,134,104,1,3,2
"ROBERTO ORTIZ URUEÑA","LIBERALES",0,1086,13,147,601,130,50,213,160,14,854,58,76,47,164,6,14,227,16,84,20,538,43,29,42,1302,6,69,748,2161,25569,1,5,21
"MARIA PUBENZA ARBELAEZ SUA","LIBERALES",0,74,5,18,136,73,28,20,0,2,9,7,5,17,34,0,3,9,17,30,6,14,17,1,15,16,3,15,32,29,82,0,0,1
"CARLOS HUMBERTO PINZON MURIEL","LIBERALES",0,95,11,16,138,26,10,13,1,2,12,10,3,6,46,0,0,6,6,26,10,12,17,4,12,12,2,33,9,19,61,1,0,3
"RENNY RUEDA CASTAÑEDA","LIBERALES",0,44,6,21,147,30,16,58,4,1,18,3,10,5,22,0,1,1,8,9,7,5,10,0,7,23,2,11,14,14,41,1,0,3
"MARIO EFRAIN MUÑOZ ESPITIA","LIBERALES",0,43,2,8,104,36,16,5,2,1,16,3,2,7,26,0,1,3,7,19,5,15,7,3,2,9,1,9,95,6,49,0,0,0
"JAIME ENRIQUE BEDOYA MONTOYA","LIBERALES",0,177,1,9,70,20,11,84,2,0,9,0,10,11,15,0,1,4,2,9,8,21,9,0,6,35,4,20,31,24,22,1,0,0
"OLANO PORTELA RODRIGUEZ","LIBERALES",0,37,1,12,57,74,8,124,0,0,5,3,10,10,22,0,0,4,13,15,4,110,6,0,9,25,2,14,16,13,25,1,1,0
"CAROLINA MORALES ROJAS","LIBERALES",0,32,5,15,80,29,13,76,2,10,8,2,4,10,26,0,2,5,4,24,12,90,4,3,3,31,6,13,20,15,40,0,0,1
"NANCY DEL ROSARIO GUERRERO RODRIGUEZ","LIBERALES",0,42,3,16,84,68,5,179,1,0,5,39,11,6,33,0,2,5,15,13,5,20,32,3,4,32,0,50,11,12,68,0,0,2
"ADRIANA FRANCO CASTAÑO","LIBERALES",0,245,5,27,894,47,56,17332,6,28,22,32,525,23,353,0,9,19,192,21,15,67,35,8,64,4610,2,124,5,792,296,3,9,32
"HUGO VELEZ VALENCIA","LIBERALES",0,58,10,10,58,6,7,5,2,2,11,9,4,8,24,0,10,8,5,22,9,13,13,4,5,23,2,81,2,13,37,0,2,2
"SONIA MARINA MOSCOTE AROCA","LIBERALES",0,94,6,13,81,32,63,4,3,1,15,360,6,9,36,0,0,7,6,37,9,6,21,5,7,11,2,29,3,14,31,0,0,6
"ANLET JAQUELINE BENT ARCHBOLD","LIBERALES",0,141,2,13,94,15,13,12,1,1,18,17,2,27,30,0,2,9,11,17,10,12,11,4,7,7,15,39,4,10,30,0,0,2
"CRISTINA DEL ROSARIO CABRERA MENDEZ","LIBERALES",0,50,4,11,62,22,15,6,2,1,10,62,3,15,62,0,6,7,3,13,9,6,8,1,6,4,2,24,3,11,31,0,1,0
"ARMANDO VILLEGAS CENTENO","LIBERALES",0,50,4,63,236,218,9,55,3,2,61,109,5,14,62,0,1,7,15,22,11,11,14,2,4,15,0,31,7,28,56,0,2,1
"ARIS MANUEL TORRES DIAZ","LIBERALES",0,52,5,30,193,634,21,17,4,0,11,19,3,10,56,0,0,5,8,261,9,10,8,1,4,9,2,21,31,15,29,0,3,0
"RICARDO GARCIA GAITAN","LIBERALES",0,66,1,22,226,15,39,8,1,2,8,9,3,4,37,1,2,4,2,24,7,9,12,2,6,7,1,20,1,17,31,0,2,1
"SOLO LISTA PARTIDO CAMBIO RADICAL","CAMBIO RADICAL",473,11404,601,9537,19995,9335,2027,1528,795,1379,2150,2816,1351,1260,9093,462,69,804,3897,5059,1111,1442,1262,120,3877,2772,303,4935,2424,4023,8785,203,227,353
"ANTONIO DEL CRISTO GUERRA DE LA ESPRIELLA","CAMBIO RADICAL",190,1662,51,4465,4584,1447,349,146,203,50,94,1090,658,1280,927,2,14,162,9922,4806,3391,274,336,9,335,139,17,416,20853,822,771,98,46,28
"CARLOS FERNANDO GALAN PACHON","CAMBIO RADICAL",135,3106,514,5187,49523,839,1619,3512,79,112,224,300,128,384,4254,38,20,606,423,971,814,4269,613,207,341,880,58,3246,186,912,3307,43,247,389
"GERMAN VARON COTRINO","CAMBIO RADICAL",83,1653,252,1330,16519,678,6685,215,116,347,282,296,525,226,9808,162,34,167,104,1028,1775,3637,359,91,27101,1717,40,771,194,1766,1546,104,34,128
"BERNABE CELIS CARRILLO","CAMBIO RADICAL",54,9277,687,377,3793,2141,1388,126,26,2508,67,1075,251,402,415,1,74,463,2529,862,55,202,4297,265,24,516,6,30731,256,205,253,16,246,55
"JUAN CARLOS RESTREPO ESCOBAR","CAMBIO RADICAL",40,5173,107,927,5884,455,499,404,645,382,833,222,104,224,23934,25,15,143,265,557,277,668,649,121,1365,1253,34,1288,145,459,17140,38,162,60
"ARTURO CHAR CHALJUB","CAMBIO RADICAL",16,368,24,73666,1549,989,409,348,20,43,84,1325,514,355,732,7,4,82,3678,19465,95,33,205,7,251,348,28,765,2078,302,515,8,12,129
"ROSMERY MARTINEZ ROSALES","CAMBIO RADICAL",16,1250,434,244,4503,341,985,2040,986,72,465,150,161,537,2113,7,7,966,247,325,164,231,3635,22,98,296,6,393,42,24794,4710,7,35,38
"MARTHA ISABEL ACOSTA ANGULO","CAMBIO RADICAL",15,56,1,29,56,29,13,6,2,5,11,5,4,4,50,0,0,2,7,15,3,5,2,2,8,10,0,20,2,26,33,0,0,0
"ANGIE NATALIA BOLIVAR CORREA","CAMBIO RADICAL",13,211,16,3966,277,214,50,11,4,14,26,60,20,26,256,4,0,17,60,162,27,21,22,1,40,73,4,380,123,73,113,6,6,5
"ALFONSO ENRIQUE MATTOS BARRERO","CAMBIO RADICAL",11,1228,204,988,1805,627,140,40,14,198,160,17215,114,1289,513,3,23,56,8697,4642,441,257,357,36,74,81,120,558,292,221,1841,2,76,22
"DAIRA DE JESUS GALVIS MENDEZ","CAMBIO RADICAL",9,1050,62,2314,1208,37082,164,41,8,27,118,1964,32,2610,834,17,1,31,3987,7272,41,20,882,1,17,103,128,893,3566,180,731,0,6,27
"LUIS ENRIQUE PONTE GUERRA","CAMBIO RADICAL",8,677,6,854,192,198,197,70,40,5,332,70,55,22,118,3,4,17,29,793,12,2029,11,286,23,41,2,72,61,29,226,11,6,2
"ANDRES FERNANDO VASQUEZ VARGAS","CAMBIO RADICAL",7,103,5,77,202,76,16,8,6,12,13,738,4,18,109,0,0,14,15,59,12,10,27,1,13,16,2,92,30,52,56,1,3,5
"MARTHA INES LLOREDA DE BOTERO","CAMBIO RADICAL",6,131,7,41,185,51,17,11,0,5,10,14,4,8,75,0,1,10,29,23,5,7,6,0,11,27,2,27,6,24,68,0,0,8
"ARGEMIRO JOSE AGAMEZ PALACIO","CAMBIO RADICAL",5,2093,3,190,240,181,21,12,4,5,23,804,29,44,196,1,0,5,328,357,8,5,46,1,15,22,1,65,12,17,69,0,0,6
"GERSANIN PINZON BARRERA","CAMBIO RADICAL",5,130,5,118,188,63,21,11,7,22,11,30,8,9,124,2,1,7,31,39,176,7,14,1,4,50,2,63,108,101,79,3,10,0
"DUSAN ALBIN VELEZ TRUJILLO","CAMBIO RADICAL",4,299,16,1270,680,17826,225,182,16,10,172,208,34,314,471,6,2,13,91,983,35,59,116,6,70,85,9,326,1272,132,924,0,8,10
"CARLOS FERNANDO MOTOA SOLARTE","CAMBIO RADICAL",4,6407,592,1075,5330,2462,312,155,515,32,2102,168,501,835,1557,9,0,113,158,529,351,960,260,53,130,1807,13,455,188,360,32177,2,4,46
"STEVENSON MARULANDA PLATA","CAMBIO RADICAL",4,508,20,366,1495,157,91,153,5,22,28,1169,100,86,196,1,2,23,4810,815,39,35,176,2,79,51,7,191,34,577,622,2,8,14
"JUAN PABLO POVEDA MEDINA","CAMBIO RADICAL",4,498,13,350,1542,1441,193,108,8,32,132,34,9,60,187,0,8,64,42,159,70,88,79,22,79,203,10,356,31,126,456,0,2,18
"ARBEY DELGADO ARGOTE","CAMBIO RADICAL",4,569,28,1353,134,184,19,76,5,6,8,64,53,14,171,0,1,9,34,540,26,187,15,4,40,15,3,142,101,18,186,0,5,5
"HECTOR JULIO RAMOS PRIETO","CAMBIO RADICAL",4,143,9,205,169,64,22,22,4,11,21,32,39,14,106,2,1,5,22,68,21,14,13,3,66,385,4,46,58,53,122,3,3,1
"MIGUEL ORLANDO ACEVEDO SALAS","CAMBIO RADICAL",4,131,6,67,277,124,42,13,6,11,25,23,6,35,101,2,1,22,32,45,14,10,10,0,24,29,0,141,28,25,71,0,2,1
"CARMEN HERNANDEZ MENDIVELSO","CAMBIO RADICAL",4,74,0,51,113,28,11,7,0,3,3,7,5,19,59,0,0,3,4,25,5,2,6,0,9,7,5,19,2,4,40,0,1,1
"EDWIN YOBANY VIVAS PEREZ","CAMBIO RADICAL",4,45,3,41,63,25,499,3,1,40,4,7,5,6,50,0,1,6,2,12,5,3,12,2,7,4,0,17,0,19,19,1,0,3
"LUIS EDUARDO DIOSSA ARROYAVE","CAMBIO RADICAL",4,211,9,61,137,901,37,113,1,102,41,16,50,24,109,0,1,5,17,41,7,547,11,16,29,62,0,30,18,45,113,1,1,1
"FLOR PAULINA DONADO GARIZAO","CAMBIO RADICAL",3,84,11,211,774,34,126,8,6,5,10,16,7,1,240,0,0,6,13,28,12,22,17,0,63,11,9,53,4,48,44,2,0,4
"LUIS EDUARDO ARREDONDO TORRES","CAMBIO RADICAL",3,48,1,59,273,75,22,9,22,3,2,101,17,6,728,1,0,95,106,26,2,5,9,2,301,27,1,43,6,96,35,2,1,0
"RAUL HERACLITO MARTINEZ SANCHEZ","CAMBIO RADICAL",3,110,12,69,392,72,33,59,5,4,20,9,9,8,1114,1,0,9,24,48,39,22,14,3,22,23,2,32,16,52,97,0,2,4
"GABRIEL ANTONIO LOPEZ GUZMAN","CAMBIO RADICAL",3,109,4,75,158,39,21,15,7,5,7,11,4,20,88,2,1,10,17,19,12,7,14,2,21,32,2,55,3,23,66,0,0,6
"ANA MARIA QUINCHANEGUA PIAMONTE","CAMBIO RADICAL",3,106,4,41,182,30,14,14,5,6,16,9,5,11,51,1,0,4,9,13,6,11,9,1,12,19,0,48,7,27,60,0,0,7
"JUAN ESTEBAN MEJIA ARBOLEDA","CAMBIO RADICAL",3,1113,4,54,259,136,27,27,8,10,8,9,15,70,79,0,0,6,82,239,8,18,12,5,56,38,3,35,38,229,120,0,1,4
"EDITH LEON DE CASTAÑEDA","CAMBIO RADICAL",3,84,2,42,189,19,58,5,1,4,7,7,6,4,58,0,0,8,14,19,6,8,7,0,7,12,3,39,5,12,57,2,4,3
"JULIO CESAR CASTILLO VELASQUEZ","CAMBIO RADICAL",3,572,6,2662,533,460,58,15,29,15,10,261,20,33,244,0,6,27,3052,1398,60,15,43,3,15,44,2,147,21,27,72,3,1,503
"BRYAN BARRERA GARCIA","CAMBIO RADICAL",3,538,5,53,185,48,44,12,3,3,9,15,15,8,73,0,0,4,20,15,4,13,7,2,25,12,2,15,7,20,27,0,2,0
"HUMBERTO PELAEZ GUTIERREZ","CAMBIO RADICAL",2,121,30,755,499,469,115,96,15,37,8431,69,57,39,749,4,5,36,85,449,219,399,32,45,32,237,15,73,39,217,1249,4,11,14
"HAROLD MOSQUERA RENGIFO","CAMBIO RADICAL",2,464,20,518,295,47,54,8,5,55,79,52,1556,27,213,1,6,26,44,29,17,35,48,3,176,74,0,692,23,45,1940,1,3,4
"INGRID ESPERANZA LUGO DIAZ","CAMBIO RADICAL",2,12,0,30,120,49,7,4,0,3,2,1,4,1,15,0,0,0,2,4,4,1,6,0,4,13,0,8,1,1,12,0,0,7
"JOSE HUMBERTO VERGARA HENAO","CAMBIO RADICAL",2,468,1,47,59,24,3,7,3,1,2,2,31,4,16,1,1,1,4,7,1,1,2,0,0,6,2,19,4,5,27,0,0,0
"LUIS FERNANDO PARRA LEON","CAMBIO RADICAL",2,105,3,51,185,29,11,15,3,6,8,7,7,6,53,1,0,10,13,59,7,10,12,3,15,26,5,33,9,57,66,0,1,2
"GUSTAVO ADOLFO MATTOS PEREZ","CAMBIO RADICAL",2,49,2,48,162,23,44,4,2,3,7,11,7,4,41,0,0,10,3,14,4,9,5,0,8,10,0,20,7,10,35,1,0,10
"VICTOR MANUEL JAUREGUI BECERRA","CAMBIO RADICAL",2,80,2,48,147,45,13,15,5,4,12,12,6,10,103,1,1,5,7,20,9,14,36,1,19,19,1,32,22,27,50,2,4,4
"DARIO RICARDO CASTRO PORTILLA","CAMBIO RADICAL",2,72,1,54,86,43,17,1,2,3,6,13,2,6,100,1,1,1,14,16,5,31,5,3,12,11,1,26,8,16,41,0,1,0
"ELENA HERNANDEZ CRUZ","CAMBIO RADICAL",2,53,1,23,91,20,13,9,0,3,8,18,0,14,53,0,0,3,17,7,1,3,3,2,9,7,0,15,3,17,33,1,1,3
"LUIS FERNANDO DELGADO JIMENEZ","CAMBIO RADICAL",2,117,0,35,101,35,11,5,1,2,9,13,2,437,47,0,1,8,9,18,1,2,10,0,3,4,0,30,7,6,32,1,1,0
"CESAR RAUL AVILES","CAMBIO RADICAL",2,176,0,986,223,170,11,5,4,1,7,81,6,31,132,0,0,2,32,475,3,5,7,1,11,15,3,22,53,11,57,1,1,0
"MARTHA PATRICIA PEDREROS COLMENARES","CAMBIO RADICAL",2,39,0,19,50,38,2,7,2,2,3,4,4,18,45,0,0,1,3,15,1,3,1,1,7,7,1,8,1,11,26,1,0,2
"ALEJANDRINA CHACON AREVALO","CAMBIO RADICAL",2,42,2,29,73,20,12,2,0,7,7,7,0,12,54,0,0,2,3,20,3,2,2,1,7,9,0,10,0,10,31,0,0,0
"HENRY ALEXANDER CASTELLANOS ORJUELA","CAMBIO RADICAL",1,664,3,59,228,50,184,10,14,14,15,33,159,11,141,0,4,21,40,54,3,16,44,5,10,31,1,257,9,14,85,1,3,4
"JOSE LEOMAR CORTES DELGADO","CAMBIO RADICAL",1,33,0,25,48,1656,4,11,0,2,3,19,4,25,26,0,0,1,21,100,3,5,6,0,2,5,13,35,25,14,18,0,0,2
"MELIK SARKIS TORRES","CAMBIO RADICAL",1,25,2,111,29,168,7,4,0,1,6,22,7,2,8,0,1,3,1,72,7,2,26,0,4,13,0,29,20,16,24,1,0,2
"JAVIER ANDRES CORREDOR TORRES","CAMBIO RADICAL",1,129,1,46,249,48,25,5,4,8,13,15,4,5,94,2,0,9,25,34,3,13,32,1,13,32,1,44,7,19,66,0,2,9
"GUSTAVO VILLAMIZAR CORZO","CAMBIO RADICAL",1,121,8,79,322,61,35,13,2,4,8,12,11,5,99,1,0,7,10,39,16,93,59,0,217,432,1,47,9,119,231,0,1,2
"EDUIN HUMBERTO CORSO HERNANDEZ","CAMBIO RADICAL",1,88,2,50,180,33,15,5,1,6,10,50,3,7,87,0,0,10,12,20,5,6,5,0,6,16,1,30,2,28,43,1,1,1
"CARLOS ANIBAL LOZANO LOZANO","CAMBIO RADICAL",1,823,4,89,783,83,87,21,8,10,50,13,692,16,139,2,11,10,11,73,21,84,11,1,22,38,10,56,504,79,1027,0,3,9
"JOSE ANDRES AREIZA PADILLA","CAMBIO RADICAL",1,154,2,37,284,38,33,13,0,4,16,3,5,10,66,1,0,7,2,19,8,8,5,0,17,32,1,63,6,19,69,0,0,3
"SONIA MARCELA LAVADO BARON","CAMBIO RADICAL",1,33,0,16,204,21,14,13,1,3,3,3,5,3,34,0,0,0,1,8,3,3,3,1,5,7,2,12,0,16,23,0,1,0
"NELSON MAURICIO ORTEGON AREVALO","CAMBIO RADICAL",1,25,0,71,64,23,6,7,2,0,6,6,1,3,24,0,0,3,3,8,1,2,0,0,4,2,1,5,2,9,18,0,0,0
"LINETH ARCHBOLD CONTRERAS","CAMBIO RADICAL",1,15,1,7,48,5,4,4,0,1,7,1,1,1,20,0,0,7,3,2,2,1,0,0,4,4,6,6,2,10,11,0,0,0
"ALBERTO TADEO DE ANTONIO GOMEZ","CAMBIO RADICAL",1,17,0,6,42,11,10,6,1,0,2,2,2,8,25,0,0,0,0,7,3,6,0,0,7,5,0,3,5,4,13,0,0,0
"ANDRES SALCEDO GALAN","CAMBIO RADICAL",1,9,2,4,76,26,5,1,0,5,2,0,1,3,12,0,0,133,1,1,2,5,2,0,3,7,0,5,2,10,5,0,0,1
"GUSTAVO SILVA RODRIGUEZ","CAMBIO RADICAL",1,21,1,108,111,21,15,194,0,1,7,0,16,16,1144,1,0,3,6,7,6,3,2,0,19,93,0,7,4,21,13,0,0,3
"FELIX BIENVENIDO ARIÑO FERNANDEZ","CAMBIO RADICAL",1,56,1,32,159,14,9,5,1,2,4,8,8,4,48,0,0,3,18,12,3,8,6,0,4,5,0,31,5,11,30,0,0,0
"ELSA ESPERANZA VARGAS PINEDA","CAMBIO RADICAL",1,59,0,25,78,13,12,8,3,1,6,7,0,4,45,0,0,3,2,10,3,4,3,1,9,9,2,23,4,12,45,0,1,0
"MARIA CAROLINA DURAN CHACON","CAMBIO RADICAL",1,39,0,24,76,21,4,2,3,2,6,6,1,8,29,0,0,4,2,11,3,5,2,1,9,6,1,15,4,9,18,1,0,42
"AIDA LILIA HIPUS DE TACHIRA","CAMBIO RADICAL",1,58,0,33,137,37,12,3,1,3,3,5,3,32,49,1,1,5,4,18,5,5,7,0,8,6,0,13,3,12,30,1,0,0
"RICARDO DE LEON CAMPOS RIOS","CAMBIO RADICAL",1,48,0,65,161,621,109,2,4,10,7,21,5,5,56,0,0,2,15,97,3,4,8,1,3,3,1,17,15,15,34,0,0,2
"JOSE FRANCISCO GARCIA CALUME","CAMBIO RADICAL",1,229,3,43,101,30,10,7,0,5,7,12,4,2086,53,0,0,5,15,1110,1,2,4,0,4,12,0,15,16,11,16,0,0,12
"YENNY ROCIO RIVEROS SIERRA","CAMBIO RADICAL",1,64,3,20,59,19,9,4,1,0,4,1,3,26,27,0,0,1,6,17,1,4,3,0,6,11,1,8,3,7,24,0,0,0
"CARMEN CECILIA MONROY CASTILLO","CAMBIO RADICAL",1,35,0,12,39,24,11,3,3,1,4,4,1,7,20,0,0,4,3,9,5,4,2,0,7,1,0,4,5,8,24,0,0,1
"ALVARO ALBINO BASTIDAS MOREANO","CAMBIO RADICAL",0,123,1,61,168,73,15,2,1,6,11,18,4,304,591,0,0,3,25,31,4,15,8,74,1,13,5,23,10,19,54,0,0,0
"LUIS CARLOS AGUDELO GALVIS","CAMBIO RADICAL",0,54,6,125,131,668,7,7,7,3,397,47,5,10,61,0,0,4,89,49,7,6,6,1,23,6,7,33,13,12,62,5,0,7
"ABEL ANTONIO RIVEROS ROJAS","CAMBIO RADICAL",0,60,2,51,133,27,6,6,2,2,10,25,3,11,40,0,0,0,14,24,1,6,72,1,5,11,4,157,4,26,39,0,0,1
"JOSE FRANCISCO HERRERA ACOSTA","CAMBIO RADICAL",0,96,23,5971,753,970,69,8,5,25,53,402,10,203,144,0,0,33,358,2686,9,601,1735,6,8,31,613,2101,337,133,91,1,0,17
"GLORIA HELENA REBOLLEDO TIGREROS","CAMBIO RADICAL",0,47,1,45,144,43,22,6,4,2,33,24,8,4,30,0,2,13,5,13,8,10,5,0,19,4,0,22,3,16,49,0,1,3
"GUSTAVO RAMIREZ OROZCO","CAMBIO RADICAL",0,37,0,24,153,34,10,2,1,1,5,4,46,0,39,0,0,4,4,5,10,5,3,0,18,35,1,8,5,18,20,1,0,0
"ALEXANDRA MESA LEON","CAMBIO RADICAL",0,45,1,46,121,20,149,7,3,2,1,6,3,5,40,1,0,3,3,34,9,3,2,3,5,4,1,37,13,7,14,0,0,1
"JUAN MANUEL PULIDO HURTADO","CAMBIO RADICAL",0,27,1,11,112,9,1,7,16,2,3,5,2,0,29,0,0,1,2,3,1,1,2,0,4,6,1,6,18,8,9,0,0,3
"JOSE JAMES OSPINA MURILLO","CAMBIO RADICAL",0,529,0,21,81,12,15,4,0,2,1,3,4,1,39,0,0,2,2,8,1,4,4,1,2,4,0,7,1,10,12,0,0,2
"JAIRO HERNANDO SALAZAR MORENO","CAMBIO RADICAL",0,176,9,32,118,32,14,8,5,6,31,15,69,9,29,1,4,8,19,36,11,20,126,2,8,84,0,35,26,22,91,1,4,17
"ALFREDO ENRIQUE NUÑEZ NORIEGA","CAMBIO RADICAL",0,100,19,65,233,216,12,7,5,10,8,23,9,8,89,1,0,12,13,65,7,7,10,0,13,24,0,42,15,28,56,2,0,2
"CARLOS ENRIQUE VARGAS ANGARITA","CAMBIO RADICAL",0,109,5,51,285,26,1536,9,4,96,12,7,9,3,93,2,1,8,2,28,6,8,12,2,11,18,0,48,8,40,64,0,1,1
"ALFREDO RAFAEL SAADE VERGEL","CAMBIO RADICAL",0,42,2,86,1036,130,16,4,0,19,3,70,4,11,141,2,1,1,17,71,5,9,15,0,10,14,2,21,16,15,52,0,0,4
"TERESA MORENO MANCERA","CAMBIO RADICAL",0,55,3,44,155,7,11,7,0,4,8,9,4,3,58,0,0,2,4,17,0,4,1,0,9,4,5,17,3,15,25,0,0,0
"MARIA DEL ROSARIO DIAZ MENDEZ","CAMBIO RADICAL",0,15,2,6,39,12,9,0,1,0,1,2,2,0,22,0,0,0,1,6,3,4,2,0,1,2,0,4,7,8,11,0,1,1
"YVONNE PAOLA CINTURA DIONICIO","CAMBIO RADICAL",0,30,1,29,183,90,7,8,3,3,2,11,3,11,101,0,0,2,11,102,4,167,1,4,11,4,5,12,280,18,79,0,1,2
"SANDRA PATRICIA CORDOBA ROJAS","CAMBIO RADICAL",0,15,1,12,37,12,0,6,1,1,5,5,1,3,23,0,0,0,0,7,1,2,4,0,202,7,1,9,13,15,22,1,0,2
"SERGIO HERRERA RUEDA","CAMBIO RADICAL",0,24,1,28,28,12,5,9,1,2,0,0,2,0,19,0,0,3,0,76,1,0,1,0,12,3,0,8,6,3,10,1,0,0
"BLANCA FABIOLA ORTIZ PENAGOS","CAMBIO RADICAL",0,10,0,15,63,16,4,7,0,3,0,0,0,0,16,0,0,3,1,2,1,3,1,1,5,1,1,6,2,1,7,0,0,100
"ANA DEL PILAR DUARTE MURILLO","CAMBIO RADICAL",0,12,2,57,59,18,6,4,0,2,2,1,2,0,43,0,0,3,21,24,6,11,2,0,38,11,0,6,4,5,11,0,1,0
"WILSON RUEDA BARON","CAMBIO RADICAL",0,77,2,74,152,32,18,3,4,6,14,8,2,29,113,0,1,4,6,17,14,7,6,0,6,17,2,76,15,14,60,1,2,0
"LILIA TORRES TORRES","CAMBIO RADICAL",0,86,8,58,70,47,6,2,1,9,3,18,5,13,68,0,1,2,15,11,4,3,4,3,8,8,3,153,5,5,38,0,0,0
"MIGUEL HUMBERTO GAMEZ SOTO","CAMBIO RADICAL",0,53,1,37,88,18,11,8,1,3,6,22,1,6,63,0,0,1,17,32,4,9,6,4,5,8,1,23,7,10,43,0,1,0
"NANCY YANET CALDERON VILLAMIL","CAMBIO RADICAL",0,54,3,43,102,23,8,5,3,2,5,3,1,12,41,0,2,4,13,7,2,2,6,1,10,6,0,17,1,8,30,0,1,3
"HORACIO ISRAEL BELTRAN PENAGOS","CAMBIO RADICAL",0,50,1,45,86,30,7,3,0,0,5,11,2,6,53,0,0,3,6,24,0,6,3,2,3,13,3,14,4,3,34,0,0,0
"JOHN EDWAR MOSQUERA HURTADO","CAMBIO RADICAL",0,1988,0,87,138,186,48,53,2,6,159,38,952,51,70,0,0,2,492,138,4,66,79,1,25,18,0,105,97,33,126,1,0,1
"HARRINSONG MEGORKS OSPINA BARRAGAN","CAMBIO RADICAL",0,99,0,137,65,172,17,3,3,1,10,10,3,238,41,0,1,1,80,37,4,7,2,1,5,10,0,12,178,48,20,1,0,0
"MARTHA RUTH RIVEROS MONJE","CAMBIO RADICAL",0,28,4,24,36,22,10,5,2,2,5,2,1,10,46,0,0,3,3,16,1,4,2,0,7,8,0,7,3,15,18,0,0,0
"LUIS EDUARDO GARCIA BENAVIDES","CAMBIO RADICAL",0,57,2,30,187,43,85,19,2,6,6,16,8,3,55,0,0,7,2,12,2,2,7,0,6,4,0,22,4,22,30,0,1,1
"YADIRA EDITH MUÑOZ MARULANDA","CAMBIO RADICAL",0,160,2,35,53,78,20,7,2,1,1,6,3,2,68,0,0,1,2,14,13,3,3,1,58,2,2,51,4,7,25,1,1,0
"SOLO LISTA POLO DEMOCRATICO ALTERNATIVO","PDA",91,10856,394,2587,19233,2398,1706,2290,912,431,1567,976,233,790,3121,54,99,1620,432,1105,1408,1583,1469,303,841,2042,40,3371,1020,2022,7675,19,59,478
"EMPERATRIZ CAHUACHE CASADO","PDA",596,102,15,37,243,33,15,19,5,1,13,17,2,12,55,1,10,23,5,6,12,17,14,12,15,20,0,47,12,22,67,94,0,3
"JORGE ENRIQUE ROBLEDO CASTILLO","PDA",133,33220,677,5661,49967,5588,5659,8539,182,691,3500,3796,216,1551,7132,25,93,3911,769,2003,3386,6207,2546,821,2463,4791,45,14456,1487,5596,15835,27,111,826
"TARSICIO MORA GODOY","PDA",47,292,11,231,2708,303,116,56,68,22,127,45,3,37,1971,6,6,881,86,71,452,236,103,20,34,52,4,169,36,131,455,1,27,15
"IVAN CEPEDA CASTRO","PDA",33,8471,131,4434,38893,1659,2018,631,324,134,1197,800,73,1260,4180,18,52,1197,260,939,1011,1351,1228,333,572,854,36,4277,1537,1814,3822,14,22,551
"JOSE MILTON MESA DUARTE","PDA",13,244,14,141,365,84,46,48,18,3,39,36,8,27,105,1,2,40,16,41,46,49,51,10,25,210,1,93,45,63,178,3,0,30
"ALEXANDER LOPEZ MAYA","PDA",10,2331,46,1451,3665,1006,481,171,48,304,1394,937,148,434,444,3,115,846,203,783,456,1552,234,34,109,182,5,786,265,304,20187,2,4,23
"RAFAEL MORA BONILLA","PDA",9,192,61,86,572,43,19,58,52,2,56,21,4,11,147,1,4,49,6,27,58,26,300,4,23,46,0,62,19,60,181,4,1,15
"DIEGO FERNANDO OTERO PRADA","PDA",8,420,15,191,1526,92,130,46,12,9,50,65,5,106,246,4,2,70,53,67,73,129,57,57,24,57,1,1784,65,104,278,0,4,18
"JESUS ALBERTO CASTILLA SALAZAR","PDA",7,1556,427,285,2605,883,123,189,25,21,2022,608,36,45,348,1,13,617,75,55,1013,1682,5899,34,70,324,5,1464,31,347,851,1,4,185
"ALBA LUZ PINILLA PEDRAZA","PDA",5,291,6,207,3321,243,261,147,17,8,57,73,6,184,391,0,5,137,50,94,87,44,181,27,42,83,2,836,261,298,617,0,24,7
"ALVARO LEON CARDONA SALDARRIAGA","PDA",5,2109,6,69,573,61,31,27,17,8,34,28,5,157,63,0,2,126,59,29,31,114,71,11,17,23,2,158,82,40,194,2,4,10
"LUIS ALFONSO CALDERON BELTRAN","PDA",5,16,15,18,66,20,11,3,1,2,3,2,1,0,81,0,0,2,3,1,4,3,2,0,3,7,0,28,2,11,19,0,0,0
"RICARDO CARDONA CASSERES","PDA",5,27,1,60,58,13,6,3,1,1,5,2,0,0,9,0,0,5,4,5,3,2,28,2,1,13,0,11,10,3,18,1,0,2
"SEGUNDO SENEN NIÑO AVENDAÑO","PDA",4,397,9,545,2130,366,3479,59,36,329,76,274,24,397,405,0,2,228,228,137,306,256,734,17,54,41,4,506,156,548,557,0,0,9
"YESID HERNANDO CAMACHO JIMENEZ","PDA",4,325,2,228,469,157,83,26,122,4,12,85,31,110,107,1,1,276,12,108,101,38,88,20,10,155,1,53,71,509,86,0,4,5
"SANDRA MILENA OLIVARES HOMEZ","PDA",4,54,1,12,198,13,12,7,1,0,3,2,0,8,18,0,0,6,2,6,3,7,5,1,3,5,0,5,5,11,31,0,1,7
"AURA DALIA CAICEDO VALENCIA","PDA",3,831,4,149,515,79,24,21,8,10,168,233,21,14,75,0,1,17,63,44,13,163,53,4,15,38,7,39,25,34,721,0,0,12
"CESAR AUGUSTO GONZALEZ GARCIA","PDA",3,18,0,10,90,5,9,6,3,3,3,5,0,1,11,1,0,2,1,9,0,4,7,1,1,8,0,15,2,8,20,1,0,3
"IVAN ALFONSO RODRIGUEZ HERRERA","PDA",3,123,9,75,363,39,22,26,7,4,15,20,2,16,113,3,1,22,6,18,85,13,19,4,13,36,2,651,15,27,112,2,1,5
"JULIO CESAR QUINTERO BATERO","PDA",3,117,4,52,155,31,15,17,12,2,21,9,3,11,43,1,1,10,2,29,21,16,32,1,3,37,0,27,9,16,144,1,2,14
"OLGA STELLA FORERO DE SILVA","PDA",2,409,7,84,914,65,153,96,10,8,31,25,6,37,151,2,1,31,23,30,63,45,133,6,19,35,2,62,32,148,517,1,5,16
"ALVARO PATIÑO SANCHEZ","PDA",2,271,11,72,1498,34,27,26,18,10,31,31,15,22,182,0,1,65,5,28,22,29,51,5,27,37,1,229,15,43,515,2,1,15
"CARLOS ALFREDO CROSTHWAITE FERRO","PDA",2,99,2,28,250,30,10,87,8,3,13,11,0,6,42,0,0,13,3,13,12,25,13,2,11,3079,0,66,5,17,87,0,0,14
"GLORIA ELENA QUICENO ACEVEDO","PDA",2,231,10,343,559,92,39,63,13,23,18,40,11,40,104,1,1,17,19,81,28,161,67,4,15,50,2,161,71,100,210,0,3,4
"ALONSO OROZCO GOMEZ","PDA",2,47,1,12,226,6,8,27,7361,4,31,0,2,1,33,0,0,138,0,8,16,6,8,4,10,6,0,14,1,80,65,5,0,6
"CARLOS JAIME PIEDRAHITA CARDONA","PDA",2,38,2,6,68,25,2,0,24,0,2,4,0,1,1,0,0,4,0,2,2,4,3,2,4,12,0,7,2,13,17,3,0,10
"JOSE FREDDY MOSQUERA YEPEZ","PDA",2,40,3,14,92,167,1,7,2,0,5,5,2,9,19,0,0,3,3,11,4,4,3,1,6,13,4,14,13,1134,21,0,0,2
"EFREN HERNAN POVEDA","PDA",2,114,3,33,610,25,26,12,7,1,8,6,4,26,68,0,0,16,8,18,11,15,12,5,8,14,0,36,19,166,63,0,2,5
"MAX ORLANDO GALEANO GASCA","PDA",2,62,3,24,244,15,21,10,1,3,13,9,3,12,39,0,0,9,3,32,4,154,5,7,6,9,1,18,140,16,72,0,0,6
"CLARA INES FORERO SANTANA","PDA",2,27,0,11,103,8,3,4,2,0,5,3,0,2,14,0,0,2,2,9,4,8,3,1,25,10,1,10,4,25,28,0,0,1
"ELIZABETH CORTES SUAREZ","PDA",2,28,0,19,227,8,3,4,3,2,8,2,2,5,14,0,0,2,0,11,7,2,1,1,4,5,0,8,1,2,34,0,0,3
"MARIA AURORA REY FIRACATIVE","PDA",2,32,0,9,55,9,7,6,2,1,1,2,0,10,5,0,0,11,1,4,0,6,3,1,2,6,0,6,29,18,15,0,0,0
"JUANITA MARIA PEREZ GUERRERO","PDA",2,146,11,56,299,58,23,128,17,2,16,12,7,9,60,1,1,24,4,35,12,19,15,5,23,52,0,30,13,38,91,0,1,7
"BEATRIZ CARVALLO SUAREZ","PDA",1,307,10,241,1164,230,147,80,13,21,185,105,32,57,252,1,3,210,63,111,59,45,124,8,113,112,19,308,67,121,667,4,2,20
"GERMAN FERNANDEZ CABRERA","PDA",1,218,3,55,754,27,35,30,4,6,6,12,3,177,126,1,2,46,4,7,17,24,7,1,14,49,0,45,13,34,116,0,2,4
"FRANCISCO JAVIER MARRUGO ZAMBRANO","PDA",1,147,6,461,295,1005,15,12,31,3,27,105,1,20,33,0,1,24,4,388,6,178,148,4,7,32,2,29,34,78,185,0,0,4
"AMADO DE JESUS CARUPIA YAGARI","PDA",1,79,1,27,122,19,16,14,27,2,14,6,0,11,20,0,0,8,3,9,5,2,11,1,6,14,0,27,13,9,55,1,0,1
"JOSE ISAURO ROMAN","PDA",1,45,2,29,147,513,29,5,43,0,2,31,1,7,19,0,0,20,2,6,11,4,26,0,4,9,0,94,4,5,37,0,0,2
"MARIA MAGNOLIA SANCHEZ PAREDES","PDA",1,76,6,13,104,13,6,6,6,1,20,2,8,10,20,0,5,29,5,11,13,7,76,0,1,10,1,20,15,22,45,1,0,29
"DOUGLAS SEBASTIAN VELASQUEZ JACOME","PDA",1,120,7,56,308,34,77,32,7,5,17,14,1,12,49,0,1,23,3,32,11,15,19,3,3,25,3,47,14,28,63,2,1,3
"EDUARDO ENRIQUE LLANES SILVERA","PDA",1,120,2,62,281,40,13,27,3,5,23,24,2,14,57,0,0,12,62,814,8,14,44,7,14,24,1,34,7,27,82,0,0,5
"CLAUDINE ROCA NUÑEZ","PDA",1,101,6,38,200,20,56,16,9,2,12,3,0,6,32,0,0,11,3,15,7,9,10,3,11,16,0,18,6,19,53,0,0,2
"MARIELA CORTES TORRES","PDA",1,121,1,18,189,23,69,15,3,3,10,2,2,12,30,0,0,12,2,11,8,9,11,1,1,23,1,23,11,20,56,0,0,6
"LILIA ELVIRA RODRIGUEZ DE OLARTE","PDA",1,63,1,34,280,48,47,10,4,5,8,7,0,6,34,0,0,12,5,24,5,13,8,2,7,7,1,19,16,9,57,0,0,1
"DENIS ENRIQUETA CASADO ACOSTA","PDA",1,40,1,9,69,8,9,3,2,2,2,3,0,6,12,0,0,6,0,3,4,3,5,0,1,4,0,10,8,4,13,0,1,1
"RODOLFO ARANGO RIVADENEIRA","PDA",0,1318,5,104,5119,104,413,263,13,12,97,12,73,26,282,3,5,74,14,117,54,204,75,29,61,238,0,583,61,122,400,0,0,143
"CONSUELO MOURE DE RAMIREZ","PDA",0,106,2,62,347,110,33,10,72,3,112,15,2,9,40,0,1,19,8,13,10,12,13,6,8,47,2,29,8,11,81,2,0,7
"LUZ STELLA RAMIREZ GUEVARA","PDA",0,70,1,43,179,193,6,16,13,4,9,9,1,16,26,18,2,6,7,17,16,15,9,27,118,14,1,20,7,21,66,0,1,0
"VALERIO MAZA ESPINOSA","PDA",0,423,0,31,173,20,32,7,11,0,5,3,5,7,40,0,0,7,1,9,6,10,7,0,7,10,1,37,3,11,307,0,0,2
"JULIO CESAR MANCERA ACOSTA","PDA",0,68,1,23,367,39,21,6,90,3,4,52,0,9,159,1,0,105,70,7,15,7,10,3,25,20,18,23,5,71,48,0,0,8
"ALEXANDRA USECHE CUERVO","PDA",0,57,1,17,157,17,9,19,19,0,4,6,0,2,36,0,2,3,1,6,11,2,5,1,5,5,0,14,0,9,32,0,2,3
"ALBERTO MANUEL GASCON GIRALDO","PDA",0,46,2,503,102,11,21,6,3,1,7,162,2,8,17,0,0,3,50,10,1,8,14,1,1,14,1,55,14,10,26,0,0,1
"FREDY VALENCIA ACOSTA","PDA",0,67,4,108,178,24,26,15,7,1,9,10,0,13,37,0,0,12,0,17,11,15,19,2,5,23,0,21,13,17,50,0,0,7
"ALVARO SARMIENTO DUARTE","PDA",0,92,4,33,187,21,18,8,7,2,8,1,0,16,44,0,0,11,5,21,8,7,162,4,6,21,1,21,11,14,67,1,0,4
"JHON ROBERT GERLEIN BERDUGO","PDA",0,126,3,56,256,33,28,21,7,3,13,10,0,12,58,0,3,18,7,21,9,87,16,1,19,166,2,45,13,92,138,0,0,6
"GILBERTO BARRERA GARCIA","PDA",0,111,6,39,264,27,16,21,3,2,9,13,3,8,45,1,2,12,5,18,18,20,11,6,4,13,1,36,4,22,66,1,0,2
"CARLOS URBANO DIAZ GRANADOS LACOUTURE","PDA",0,133,9,40,266,43,16,15,5,3,14,12,1,5,39,0,0,12,6,136,17,10,13,3,9,19,0,39,10,20,69,0,1,1
"ALVARO JOSE SALOMON CALVANO","PDA",0,109,0,45,251,26,14,16,12,3,12,8,2,9,40,0,0,16,2,58,10,18,12,1,1,21,0,23,9,35,70,0,0,12
"ELIDA MANZANO GARCIA","PDA",0,418,3,67,397,75,43,35,12,4,43,12,11,34,88,1,0,25,12,45,22,76,32,3,6,23,2,49,488,43,576,1,1,4
"ARMANDO ARTURO ALVARADO GUILLEN","PDA",0,97,7,47,300,30,44,14,8,5,10,15,3,10,50,0,1,9,3,13,11,10,7,6,6,11,1,28,9,13,102,0,0,2
"PLINIO HERNANDEZ GAMBA","PDA",0,90,4,22,309,21,3218,6,3,10,5,17,1,2,66,0,1,17,7,8,14,14,11,4,3,11,0,25,6,17,66,0,0,7
"JOSE DEIBY QUINTERO VALENCIA","PDA",0,270,2,16,125,20,21,6,17,0,9,9,2,5,16,0,2,12,2,12,7,6,6,3,4,11,0,16,5,20,37,1,0,6
"INES VASCO MARULANDA","PDA",0,21,1,4,53,4,3,5,2,1,4,0,0,1,14,0,0,2,0,3,3,2,4,1,1,4,0,9,3,6,15,0,0,0
"MARIA HAYDEE BARRERO","PDA",0,28,2,6,75,9,11,8,3,5,2,4,3,1,17,0,0,6,1,5,4,10,1,1,3,7,0,9,5,4,15,0,0,0
"MARIA ORFILIA GONZALEZ AGUILAR","PDA",0,43,1,22,81,9,8,9,2,2,2,3,1,4,14,0,0,3,3,9,4,1,2,2,7,6,0,10,10,3,11,0,0,1
"SOLO LISTA PARTIDO OPCIÓN CIUDADANA","POC",364,1353,71,894,2412,3324,587,461,84,187,415,1350,363,953,1005,415,52,256,270,1816,320,1522,714,51,388,437,45,7463,4534,414,5341,66,257,66
"EDGAR ESPINDOLA NIÑO","POC",95,1532,282,756,4889,577,4480,564,157,605,471,1574,86,248,2061,170,235,551,371,1132,780,650,750,190,1233,356,26,1662,883,1412,3113,9,143,21
"DORIS CLEMENCIA VEGA QUIROZ","POC",59,591,66,465,1385,958,279,465,100,25,590,466,508,1467,3303,63,125,196,54,1369,718,1168,4561,14,518,65,2,25295,92,165,1314,29,116,34
"ANGEL ALIRIO MORENO MATEUS","POC",53,162,42,200,807,169,224,36,12,26,26,170,28,78,205,9,5,25,35,247,40,204,118,11,34,34,7,2098,137,53,461,44,17,15
"JORGE ANTONIO TRUJILLO SARMIENTO","POC",34,80,8,43,1028,41,50,4,2,8,17,52,2,112,100,1,0,45,62,37,34,94,164,6,23,5,1,886,230,20,106,2,3,5
"EDUARDO EMILIO PACHECO CUELLO","POC",27,706,4,74,1870,349,156,289,100,166,185,54,71,212,1085,0,14,5,17,419,274,505,189,299,40,169,13,281,103,124,2587,10,1,14
"ANTONIO JOSE CORREA JIMENEZ","POC",24,1624,9,7846,1442,32335,75,22,26,8,79,741,457,8314,197,17,31,19,871,4206,379,67,224,9,31,23,4,331,22080,116,315,1,4,15
"CARLOS ARTURO QUINTERO MARIN","POC",22,202,2,121,187,155,37,631,1,29,398,77,75,111,87,5,25,38,79,382,33,75,80,7,888,2571,10,419,896,45,11835,4,7,16
"NERTHINK MAURICIO AGUILAR HURTADO","POC",20,490,75,215,1865,1129,6012,59,15,100,52,1648,243,120,476,114,25,59,93,280,394,56,2818,44,45,62,11,82541,308,394,329,12,6,49
"LUIS ALFONSO OLMOS MONTALVO","POC",13,107,0,53,254,179,27,3,0,4,19,18,35,8,146,0,1,6,8,110,2,15,7,0,9,5,0,122,16,11,52,0,0,4
"MARTHA VASQUEZ GARZON","POC",12,33,1,18,55,51,8,11,1,3,7,23,5,19,34,3,1,4,2,54,3,249,4,2,6,11,4,78,413,11,42,2,1,2
"GILBERTO SERPA MENDOZA","POC",9,86,0,78,72,35,39,4,0,2,0,49,4,7,24,2,0,5,3,434,5,35,3,4,7,3,0,85,77,7,44,0,1,1
"PEDRO IMITOLA GRANADOS","POC",9,253,2,16,263,44,17,7,1,5,10,11,4,10,35,1,0,23,12,38,27,10,7,6,10,7,0,45,16,6,51,1,1,11
"VICTOR VELASQUEZ REYES","POC",8,1447,114,178,2613,120,561,85,327,160,119,184,27,219,588,15,115,725,40,475,1879,120,186,54,46,468,83,661,98,322,223,76,30,10
"GUSTAVO ALONSO PAEZ MERCHAN","POC",7,257,9,478,3846,970,208,118,7,49,177,110,9,54,904,1,1,265,150,221,108,77,67,9,28,18,3,469,85,191,960,1,1,5
"TERESITA GARCIA ROMERO","POC",6,186,4,252,354,3708,51,62,2,1,24,53,6,1537,2955,4,2,12,18,2786,31,47,52,0,10,21,1,365,25503,106,618,1,2,17
"HERIBERTO ESCOBAR GONZALEZ","POC",6,231,3,136,719,289,47,28,4,17,470,174,51,241,337,4,0,20,188,209,17,93,22,101,2465,449,0,1013,389,912,16869,2,1,21
"YOLANDA ARBOLEDA SANTOS","POC",6,46,7,13,133,33,7,8,1,7,14,21,24,9,26,1,0,9,2,22,4,18,5,0,1151,13,1,358,23,4,373,0,1,2
"FABIO TORRES NOVOA","POC",4,19,0,13,77,7,23,10,1,2,1,3,1,1,23,1,0,1,0,7,54,7,5,0,11,37,0,27,3,5,27,4,12,4
"HUGO FERNANDO ARCE GUZMAN","POC",4,21,1,14,48,21,12,3,1,0,0,6,14,9,14,1,0,3,1,21,3,20,3,0,4,2,1,57,18,10,15,2,1,1
"ALBA CRISTINA BEDOYA","POC",4,55,1,24,95,22,3,8,0,1,84,8,12,8,21,0,0,7,5,43,2,13,4,0,4,7,0,35,45,2,26,1,1,2
"NESTOR GUSTAVO PEREZ ROCA","POC",3,18,1,40,45,9,1,2,1,1,5,8,2,9,8,0,0,0,1,2,0,7,3,0,3,12,1,124,8,3,21,0,1,1
"ANICETO ALVAREZ HURTADO","POC",3,4,2,7,59,11,8,0,2,0,20,5,1,1,69,1,0,27,7,6,2,6,4,0,20,4,0,34,7,19,130,0,1,11
"JHONNY ROMERO JULIO","POC",2,66,1,60,139,201,18,45,1,6,9,54,4,62,23,2,1,13,98,43,8,19,55,2,7,6,0,133,154,77,156,1,0,1
"LEONARDO JOSE CUERVO CUERVO","POC",2,100,5,114,53,29,4,19,1,0,4,16,12,5,26,2,1,12,4,320,5,296,8,0,11,21,0,141,128,11,325,0,0,12
"MANUEL DIMAS NARANJO GOMEZ","POC",2,1023,0,5,93,140,11,44,5,4,154,8,10,12,21,0,0,6,4,18,5,101,6,8,18,73,2,50,56,140,366,1,0,1
"GLORIA ASCENETH GUZMAN SUAREZ","POC",2,8,0,123,29,9,3,2,0,0,1,5,2,0,17,0,0,0,0,16,3,6,2,0,1,8,0,88,5,1,11,1,2,1
"LEOPOLDO DE LA ROSA ARIZA","POC",2,16,0,7,20,11,0,9,0,1,1,2,0,9,2,1,0,0,8,139,2,36,6,0,4,19,1,18,121,5,27,0,0,0
"MARCELA RAMIREZ ACEVEDO","POC",2,22,1,216,125,51,9,4,0,1,8,54,3,40,37,1,0,4,8,182,4,6,2,0,4,13,2,56,147,7,65,3,1,11
"EFRAIN TORRES PLAZAS","POC",2,18,1,12,70,141,3,3,0,0,1,16,0,8,12,0,0,65,2,47,2,12,2,1,0,5,0,53,49,4,20,2,1,1
"HECTOR ESCUDERO LOPEZ","POC",1,11,0,6,80,7,5,13,0,0,4,7,2,2,10,0,0,2,0,11,5,2,4,0,22,22,0,106,12,3,38,3,2,9
"RICARDO ALFONSO FAJARDO BERNAL","POC",1,17,1,27,57,25,1,9,11,0,2,3,2,0,59,0,0,4,0,4,7,5,2,1,1,4,0,7,6,2,17,0,0,0
"AMPARO DEL PILAR ZULUAGA CARVAJAL","POC",1,21,8,10,83,8,8,2,2,1,9,5,5,11,7,0,1,5,1,47,9,10,26,2,1,7,2,52,14,8,57,0,0,1
"SANDRA MILENA QUINTERO FIGUEREDO","POC",1,2,0,4,26,6,1,1,0,1,3,0,0,2,6,0,1,2,1,9,1,3,9,1,1,2,0,9,62,13,13,1,0,1
"MARILYN PATRICIA GOMEZ AGUDELO","POC",1,21,1,9,73,39,11,2,3,2,6,11,1,27,19,2,0,11,2,23,10,5,6,1,1,5,1,93,36,6,28,2,3,2
"WILLIAM ALBERTO RODRIGUEZ CABAL","POC",0,637,12,328,554,1459,99,308,13,21,1473,100,1517,82,231,2,0,81,257,575,37,258,118,91,35,196,1,426,310,359,18223,1,6,15
"OCTAVIO CARDENAS PIMIENTO","POC",0,31,0,19,76,20,4,2,0,1,4,45,1,95,47,0,0,5,2,20,4,5,7,0,2,2,1,23,26,7,18,0,0,0
"CENI JAIDITH SUAZA CAMACHO","POC",0,29,0,20,54,71,2,2,0,1,42,41,0,12,8,0,0,1,4,26,3,15,4,2,3,1,3,34,7,2,27,1,0,20
"RICARDO HERRERA CORREA","POC",0,100,9,70,167,57,69,27,17,8,19,51,1,57,57,1,1,61,9,85,25,459,165,10,12,26,2,631,92,181,90,0,2,2
"BELEN MARIA GALLOR VILLA","POC",0,17,0,17,43,82,9,7,0,1,3,10,4,7,9,0,1,5,1,16,1,27,4,3,4,8,1,25,14,3,22,0,0,3
"MARIA TERESA ARANDA SERRANO","POC",0,14,0,5,90,21,2,5,0,1,0,1,0,1,8,0,0,11,1,5,3,3,2,0,0,1,0,16,3,4,9,0,0,10
"LUZ MARINA DIAZ DIAZ","POC",0,20,1,4,26,4,3,1,1,3,2,2,2,16,3,0,0,1,0,0,0,5,2,0,7,1,0,21,3,3,18,0,1,0
"WILFRIDO OROBIO HERNANDEZ","POC",0,13,1,6,44,91,2,1,0,0,25,2,3,1,18,0,0,1,7,6,1,13,3,0,0,1,0,3,16,10,21,0,0,1
"JULIO MIGUEL GUERRA SOTTO","POC",0,852,34,326,717,1433,21,1033,7,1,5,293,7,1136,295,1,4,13,81,2160,38,1460,1276,0,12,41,5,289,38887,39,150,2,7,9
"ROBERTO BRICEÑO CHIRIVI","POC",0,16,0,13,252,35,2,8,0,8,0,8,1,14,20,0,0,0,1,47,27,18,13,0,1,3,0,21,318,2,29,0,0,0
"SOLO LISTA PARTIDO CONSERVADOR COLOMBIANO","CONSERVADORES",63,23328,290,16030,7573,8100,5359,5406,1433,365,4023,3007,2504,8153,7752,76,460,5657,2990,4705,1218,8407,8037,2029,817,5077,208,4571,2809,6447,13399,51,46,447
"JOSE DARIO SALAZAR CRUZ","CONSERVADORES",144,3569,39,608,2503,2042,690,170,232,61,12702,347,319,1643,2395,160,18,417,241,697,469,1659,1580,855,139,749,11,2746,605,596,2843,3,38,48
"JORGE HERNANDO PEDRAZA GUTIERREZ","CONSERVADORES",68,675,156,8395,5349,582,26734,289,177,457,201,1249,224,428,9536,7,61,754,767,1606,213,504,1919,100,483,244,10,1677,183,371,882,3,34,47
"LUIS EMILIO SIERRA GRAJALES","CONSERVADORES",51,1043,105,1982,3564,1851,1102,24468,55,44,590,79,253,403,1371,35,283,184,72,762,321,593,632,259,260,3846,12,374,584,884,9225,14,20,92
"JUAN DE JESUS CORDOBA SUAREZ","CONSERVADORES",51,1648,93,1121,3109,208,21093,279,18,131,53,272,179,91,2257,48,29,93,56,832,432,1304,882,1547,40,50,0,1120,113,696,517,21,9,30
"CARLOS EMIRO BARRIGA PEÑARANDA","CONSERVADORES",50,2665,128,938,3293,1805,934,316,273,593,669,1020,163,540,1805,29,4,163,299,319,210,232,16272,39,87,162,6,1849,563,1061,2268,12,12,255
"MYRIAM ALICIA PAREDES AGUIRRE","CONSERVADORES",36,1460,25,283,1347,322,248,80,207,56,1532,177,74,1321,401,2,18,777,365,202,102,51717,554,4195,99,121,7,1372,266,185,2178,5,52,60
"CARLOS EDUARDO ENRIQUEZ MAYA","CONSERVADORES",31,937,54,1659,1173,728,196,157,11,33,423,1053,68,152,2379,0,109,147,398,927,920,46181,329,490,69,181,8,6852,186,224,705,1,354,14
"ROBERTO VICTOR GERLEIN ECHEVERRIA","CONSERVADORES",26,1719,66,88371,4333,6106,959,442,84,57,340,1466,169,783,1467,2,45,295,3743,6077,193,699,2445,231,137,405,26,1117,2907,656,1394,13,28,203
"NORA MARIA GARCIA BURGOS","CONSERVADORES",25,4888,9,1460,2198,1038,326,203,83,24,181,268,1477,53161,1878,13,5,198,866,861,106,295,239,422,57,112,422,2599,10524,850,1065,14,8,172
"AMPARO SANCHEZ LONDOÑO","CONSERVADORES",25,896,29,80,632,881,193,17021,59,85,69,262,1109,157,288,0,11,86,382,67,31,1140,489,172,432,2403,13,72,195,365,453,3,1,49
"JUAN DIEGO GOMEZ JIMENEZ","CONSERVADORES",15,42457,56,696,1796,299,807,143,168,34,128,370,686,224,1559,4,692,598,599,413,91,1599,202,215,181,1398,2,645,85,218,1030,47,33,144
"HERNAN FRANCISCO ANDRADE SERRANO","CONSERVADORES",14,2031,310,1022,3798,196,1434,982,1620,28,1850,140,2626,268,9105,117,43,19863,2722,2254,2803,275,367,605,77,107,0,397,87,10437,1970,10,22,39
"EFRAIN JOSE CEPEDA SARABIA","CONSERVADORES",13,765,112,39041,5854,4140,1081,300,102,35,204,5581,174,3259,1209,6,18,941,4311,12197,221,213,630,477,103,307,10,1359,6476,6319,3021,9,17,83
"JUAN MANUEL CORZO ROMAN","CONSERVADORES",12,7286,522,361,2534,523,732,664,31,14,118,867,1876,110,695,24,11,226,422,427,111,476,32720,105,724,86,61,403,79,829,2757,1,20,350
"NIDIA MARCELA OSORIO SALGADO","CONSERVADORES",7,63356,12,2896,792,420,83,119,11,5,1608,2135,586,226,211,19,0,50,213,306,43,60,7022,70,304,197,9,182,90,92,185,5,3,73
"JUAN MARIO LASERNA JARAMILLO","CONSERVADORES",7,351,88,63,2644,81,407,111,348,15,25,29,22,407,451,2,1,66,895,79,28,62,93,302,338,51,2,1649,195,15270,368,3,0,350
"OLGA LUCIA SUAREZ MIRA","CONSERVADORES",6,53122,66,1728,1101,389,122,159,20,42,216,1007,3685,1875,289,18,20,138,596,654,103,314,180,32,118,493,31,325,454,204,2885,2,3,38
"ANGELA MERCEDES OSPINA DE NICHOLLS","CONSERVADORES",6,1783,32,753,2024,451,862,652,129,61,264,336,167,438,1271,4,27,316,147,434,143,612,681,223,563,587,13,402,303,555,960,7,5,33
"JAVIER MAURICIO DELGADO MARTINEZ","CONSERVADORES",5,2324,44,321,707,77,90,132,210,70,1050,503,1038,89,207,3,27,3991,585,102,98,535,442,94,583,1697,14,717,46,684,66427,2,13,60
"CARLOS RAMIRO CHAVARRO CUELLAR","CONSERVADORES",5,224,3,545,1627,169,335,97,2423,93,98,323,287,46,2286,15,3,23294,1966,144,139,202,486,577,126,80,4,2149,46,4409,137,13,1,94
"JOSE IVAN CLAVIJO CONTRERAS","CONSERVADORES",4,166,462,490,797,557,142,14,11,25,61,613,12,44,159,2,0,32,39,316,31,1292,15937,27,35,24,28,489,88,54,285,0,3,25
"ELIAN RIOS GARCIA","CONSERVADORES",4,166,5,142,284,69,38,37,7,5,20,68,8,42,843,0,3,36,30,50,18,45,41,8,4,32,0,709,14,67,94,5,0,3
"JUAN SAMY MERHEG MARUN","CONSERVADORES",4,533,132,427,698,170,254,470,38,45,288,134,141,150,308,0,2,213,122,232,300,8724,118,25,3084,22506,8,171,104,11151,7224,0,14,104
"FERNANDO EUSTACIO TAMAYO TAMAYO","CONSERVADORES",3,476,37,1182,9897,406,6696,108,464,93,406,65,1074,296,17645,20,49,659,103,357,504,114,91,56,38,124,12,541,100,656,839,11,18,37
"JUAN RAMON JIMENEZ LARA","CONSERVADORES",3,7572,27,163,2563,161,192,288,33,23,1191,19,13,414,310,1,1,103,20,60,145,403,133,23,266,675,0,363,225,336,1380,0,6,139
"YAMINA DEL CARMEN PESTANA ROJAS","CONSERVADORES",3,3023,10,1520,565,3898,104,72,3,10,27,372,4,50202,193,0,3,57,4361,1590,12,35,95,4,17,34,36,172,18298,83,250,21,2,17
"GERALDO RAFAEL MEZA VALDES","CONSERVADORES",3,299,5,156,130,1486,58,20,3,0,5,80,9,109,49,1,1,63,17,61,4,16,382,10,657,26,0,84,37,23,34,1,0,6
"NADYA GEORGETTE BLEL SCAFF","CONSERVADORES",2,334,5,2305,546,30533,132,52,17,413,29,516,14,2479,175,6,9,89,640,1160,97,311,220,12,19,457,23,377,828,354,202,1,3,34
"JORGE IVAN ORTIZ ARISTIZABAL","CONSERVADORES",2,122,4,118,527,117,242,17,33,3,21,42,16,88,221,0,0,288,59,19,11,120,83,12,25,28,6,37,65,125,66,1,2,18
"GERMAN VILLEGAS VILLEGAS","CONSERVADORES",2,937,3,107,411,67,59,72,25,3,1492,13,120,126,116,1,20,384,12,69,19,2865,82,30,52,135,1,35,713,128,22300,1,1,39
"SHIRLEY GUERRERO LOPEZ","CONSERVADORES",2,192,2,22,80,12,8,6,2,2,8,6,2,12,34,0,0,11,4,12,7,16,18,3,4,16,0,16,8,27,34,0,0,1
"MAURICIO DIAZ ARELLANO","CONSERVADORES",2,292,0,41,57,23,14,19,3,3,4,7,15,28,26,1,0,10,13,206,2,18,14,4,2,13,0,15,10,18,53,0,0,0
"RAFAEL ANTONIO RODRIGUEZ MORENO","CONSERVADORES",2,169,1,35,59,63,43,42,6,1,13,12,11,185,60,0,1,23,41,17,10,41,22,4,7,22,0,31,58,29,31,0,0,0
"LUZ ESTELA CACERES MORALES","CONSERVADORES",1,438,5,2730,737,21137,101,11,13,10,502,1209,15,317,661,1,19,30,1466,1334,261,59,65,8,23,27,74,373,905,159,115,152,1,24
"RAUL ALFONSO CARDOZO ORDOÑEZ","CONSERVADORES",1,193,21,131,879,248,225,25,4,7,20,1045,11,122,135,0,6,51,152,242,39,48,395,7,5,53,0,14476,11,120,101,5,11,13
"YAKELINE GALVAN LOBO","CONSERVADORES",1,79,3,95,164,114,48,17,18,10,13,899,23,17,51,0,3,110,10,47,5,173,79,20,21,21,1,92,11,40,154,0,3,6
"KATTY LORENA CERVANTES PEREZ","CONSERVADORES",1,10,2,85,24,63,4,3,3,0,0,6,0,3,23,0,0,4,5,51,0,5,28,0,0,34,1,20,3,12,31,0,0,11
"JESSE JAIRO FONSECA CAMACHO","CONSERVADORES",1,62,1,371,147,41,17,7,1,0,8,20,2,21,26,1,0,15,6,9,4,14,118,5,3,38,1,19,12,14,24,0,0,3
"LAUREANO AUGUSTO ACUÑA DIAZ","CONSERVADORES",1,869,21,71970,1553,1928,291,72,60,15,85,1338,49,232,1860,0,15,165,260,1801,64,179,225,66,26,273,99,516,1087,194,324,1,3,26
"CARLOS ARTURO POSSO MENDOZA","CONSERVADORES",1,256,31,154,145,74,40,43,14,4,67,14,11,40,101,0,6,41,12,77,30,43,58,17,9,31,4,50,19,55,132,1,0,8
"JORGE ARMANDO MENDIETA POVEDA","CONSERVADORES",1,187,5,66,152,36,44,30,9,1,28,18,12,64,112,2,5,35,9,24,19,65,63,7,14,44,1,38,26,63,111,0,1,5
"ROSA MARLENE BURBANO RAMIREZ","CONSERVADORES",1,182,1,92,129,40,40,19,9,3,23,12,17,51,79,1,3,36,18,17,15,102,46,16,26,125,3,56,14,168,103,2,2,30
"CLAUDIA DANGOND GIBSONE","CONSERVADORES",1,221,5,80,683,37,47,28,6,3,22,24,6,69,96,0,6,22,16,39,9,119,208,11,20,245,1,57,15,118,123,1,0,23
"NATALIA MORALES URQUIJO","CONSERVADORES",1,120,3,45,116,42,35,22,5,5,12,10,4,54,55,0,3,22,16,13,11,117,30,7,27,207,2,34,19,323,227,0,0,6
"FELIX MARIA NARVAEZ LOSADA","CONSERVADORES",1,173,1,234,120,27,103,11,111,1,16,16,8,24,51,0,0,52,4,9,9,22,23,9,4,36,1,21,69,38,151,1,0,9
"CONRADO DE JESUS ROJAS ARANGO","CONSERVADORES",1,136,0,22,50,31,5,18,2,1,6,10,3,9,21,0,0,10,4,29,4,9,11,3,5,19,0,2,8,17,23,0,0,0
"CAROL ASTRID GUAQUETA GUTIERREZ","CONSERVADORES",1,343,0,46,236,24,36,8,4,1,20,17,7,88,63,0,5,19,15,11,6,32,21,12,7,24,1,39,14,24,46,1,0,0
"WILSON GERARDO VINCHERY ROJAS","CONSERVADORES",1,110,2,57,50,23,90,21,4,1,5,8,1,32,53,0,0,21,8,19,4,23,20,9,5,17,1,21,5,18,42,0,0,0
"HEYDE LOPEZ DURAN","CONSERVADORES",1,118,0,37,141,51,11,14,1,0,4,11,2,110,47,0,0,18,15,92,4,13,12,5,2,16,0,20,23,10,43,1,0,4
"LUIS MANUEL RODRIGUEZ MARTINEZ","CONSERVADORES",1,215,0,90,88,67,26,51,5,0,215,19,60,92,33,0,1,26,42,69,4,45,25,12,14,22,0,24,68,28,90,0,0,2
"MARTA CECILIA RAMIREZ ORREGO","CONSERVADORES",1,27360,6,184,611,108,289,393,235,7,41,38,725,191,445,4,12,59,269,80,25,69,274,349,697,185,11,51,255,217,158,0,0,19
"ANGELMIRO ALVARADO MENDIETA","CONSERVADORES",0,577,5,480,467,240,161,7,30,4,44,59,29,1108,461,1,5,298,20,69,85,48,71,22,9,70,12,75,13,80,307,8,0,24
"RODRIGO GRAJALES VALENCIA","CONSERVADORES",0,134,1,30,55,142,20,8,34,2,5,11,10,15,37,0,0,158,31,19,5,34,12,5,6,15,2,36,4,89,35,0,1,28
"GLADYS HELENA ORTIZ FLOREZ","CONSERVADORES",0,149,0,37,53,59,19,5,7,4,2,24,12,9,52,2,0,20,10,7,2,19,12,3,1,11,1,31,2,15,29,1,0,92
"JUAN JOSE TORRES SERRATO","CONSERVADORES",0,69,1,39,99,50,4,28,109,0,2,7,5,3,21,0,0,28,12,27,1,14,12,4,2,3,2,7,8,12,22,0,0,1
"HECTOR HORACIO VARGAS","CONSERVADORES",0,47,0,11,28,50,7,7,4,0,5,10,4,9,27,0,0,16,12,1,5,12,8,3,2,2,0,14,32,9,18,1,0,9
"MARTHA HELENA PEREZ GAVIRIA","CONSERVADORES",0,78,2,45,263,850,8,22,0,2,6,24,4,56,45,0,0,36,16,71,5,45,42,2,9,11,13,37,31,48,46,0,0,8
"ANGEL ESTEBAN RODRIGUEZ RIASCOS","CONSERVADORES",0,55,1,116,45,21,16,2,1,2,5,6,7,8,54,0,0,13,4,3,8,24,14,5,2,14,2,15,2,9,25,0,0,2
"MIGUEL DE JESUS NIÑO SANDOVAL","CONSERVADORES",0,297,20,114,406,59,153,16,13,2,32,16,78,20,110,0,15,23,9,69,26,44,608,3,29,29,3,54,31,49,198,2,1,34
"LUIS ALBERTO LOPEZ GONZALEZ","CONSERVADORES",0,234,5,622,169,98,77,69,9,3,33,37,31,71,152,0,7,55,19,50,29,49,80,16,18,704,11,95,32,135,368,2,2,4
"MAURICIO FERNANDEZ FRANCO","CONSERVADORES",0,219,8,324,232,52,44,36,5,14,23,30,10,107,132,2,6,38,32,53,381,46,68,11,4,98,3,87,41,78,120,0,6,4
"ROSA ANA CAMACHO WEVERBERG","CONSERVADORES",0,191,3,61,221,64,45,31,7,1,21,15,14,75,77,0,1,15,15,15,7,48,47,8,16,111,3,61,23,117,84,0,0,14
"LEONEL GOMEZ MURILLO","CONSERVADORES",0,177,6,59,168,25,26,17,8,3,19,9,30,34,66,0,2,38,10,17,7,48,38,5,24,162,2,25,15,113,143,0,2,22
"JUAN CARLOS CUARTAS SALGADO","CONSERVADORES",0,221,17,85,138,36,21,17,5,1,12,26,4,40,77,0,4,28,18,25,10,51,38,11,11,128,2,47,12,175,107,0,1,3
"RUBEN DARIO GIRALDO CARVAJAL","CONSERVADORES",0,171,0,33,235,46,38,26,9,1,14,9,14,36,47,0,3,14,12,29,8,44,28,7,12,46,1,33,15,122,86,0,0,6
"DIANA PATRICIA CELY SEGURA","CONSERVADORES",0,190,4,92,157,92,102,42,3,7,29,13,9,35,84,0,1,39,7,24,11,56,44,9,10,39,1,39,25,54,175,0,1,5
"HECTOR HERNANDO BENITEZ MORENO","CONSERVADORES",0,835,1,108,137,41,44,22,13,0,49,12,6,18,83,1,5,107,15,14,11,168,24,12,10,25,0,39,11,45,91,1,0,5
"JESUS EDUARDO ORTIZ JIMENEZ","CONSERVADORES",0,119,3,121,280,123,39,43,16,11,15,10,1,15,97,0,0,83,20,88,9,76,34,10,6,29,0,49,24,214,134,1,0,5
"RODOLFO RINCON SOSA","CONSERVADORES",0,112,2,30,85,18,21,24,4,1,11,3,2,17,37,1,1,18,4,8,4,26,17,4,1,19,0,15,9,31,57,1,0,1
"JAVIER ARMANDO SUAREZ PASCAGAZA","CONSERVADORES",0,74,0,6,242,5,19,16,6,0,3,3,0,10,409,10,0,13,9,5,4,12,7,5,6,9,0,27,15,32,46,0,0,1
"JOSE MIGUEL SALCEDO LUNA","CONSERVADORES",0,36,0,143,132,28,5,3,0,1,17,10,7,89,133,0,0,31,6,97,6,788,15,26,8,3,3,12,214,19,91,0,0,1
"LUZ ALBA MUÑETON JARAMILLO","CONSERVADORES",0,21,0,20,41,19,4,9,0,1,4,4,1,10,19,0,0,10,2,7,1,31,6,3,4,6,0,3,4,9,13,0,0,15
"SILVIA MARCELA CORREA RODRIGUEZ","CONSERVADORES",0,22,0,9,28,10,13,8,1,0,3,0,3,11,38,0,0,8,1,5,1,9,4,3,1,12,0,2,10,6,24,1,0,75
"GINNA FERNANDA GARCIA AGUILAR","CONSERVADORES",0,26,0,21,34,9,4,9,1,0,1,2,1,11,4,0,0,4,0,13,2,9,6,1,1,6,0,3,6,13,18,0,0,0
"LUIS FERNANDO YANES ESCOBAR","CONSERVADORES",0,21,1,6,32,22,11,24,2,7,4,1,4,8,27,0,0,6,12,7,2,21,6,0,0,7,1,5,4,8,92,0,0,53
"ANGEL MARIA PRIETO MONCADA","CONSERVADORES",0,36,0,30,36,12,2,8,1,0,2,4,3,5,12,0,0,4,0,5,0,3,4,2,3,2,0,4,1,7,13,0,0,1
"ALBERTO LIZARAZO","CONSERVADORES",0,95,0,6,49,7,8,168,6,1,3,1,21,8,49,0,0,2,0,34,2,5,8,6,8,71,0,3,4,18,11,0,0,0
"JUAN FELIPE BEDOYA LOPEZ","CONSERVADORES",0,34,1,11,117,5,4,47,1,0,5,3,46,23,30,0,1,10,1,6,5,16,7,9,7,9,0,13,10,15,11,0,0,13
"MAX ENRIQUE RODRIGUEZ ARENAS","CONSERVADORES",0,52,0,257,50,17,9,2,1,0,3,13,2,10,17,1,0,4,3,8,1,22,13,4,0,1,1,80,7,5,12,0,0,4
"ROCIO DEL PILAR SANCHEZ BERMUDEZ","CONSERVADORES",0,516,3,212,75,42,31,25,6,2,31,69,14,107,113,0,3,31,21,24,8,41,116,17,9,37,2,48,20,45,76,1,0,1
"PEDRO INAEL LAYTON CAVIEDES","CONSERVADORES",0,85,3,36,316,25,36,11,2,1,13,9,2,27,96,0,0,70,3,13,7,17,14,3,3,12,1,19,8,23,38,0,1,1
"GERMAN GUSTAVO VIVAS GUERRERO","CONSERVADORES",0,124,0,40,80,58,12,15,4,1,12,11,4,34,38,0,2,13,5,16,6,8,16,9,4,9,0,10,6,19,29,0,1,1
"JOHN JAIRO DIAZ GAVIRIA","CONSERVADORES",0,198,0,847,923,117,102,21,57,3,40,142,13,113,763,0,3,49,23,461,12,41,32,7,74,61,3,32,89,157,146,0,0,6
"BEATRIZ VICTORIA HINESTROZA LOPEZ","CONSERVADORES",0,157,1,41,55,45,17,9,3,1,4,15,7,29,37,0,1,16,4,46,3,15,14,6,4,22,5,16,6,16,36,0,0,1
"JUAN CARLOS DONADO CAAMAÑO","CONSERVADORES",0,133,1,209,232,486,14,14,2,1,8,20,2,28,46,1,1,20,13,408,5,30,25,24,18,10,0,22,29,18,37,0,14,5
"ALVARO JOSE RUDAS GARZON","CONSERVADORES",0,115,0,41,58,45,16,16,2,1,6,6,7,29,21,0,3,7,3,218,3,12,19,4,2,13,2,20,4,17,70,0,0,2
"RAUL ALBERTO VIVES LACOUTURE","CONSERVADORES",0,243,0,443,217,154,19,10,1,8,4,224,5,555,56,2,1,22,423,18879,28,17,57,2,2,16,1,40,16,41,62,1,0,15
"LINDOR LEXCER LESMES INFANTE","CONSERVADORES",0,195,1,68,56,61,10,24,6,2,4,11,9,273,36,0,1,25,32,28,67,18,25,12,9,24,0,17,206,28,51,0,1,1
"JUAN CASAS RODRIGUEZ","CONSERVADORES",0,236,0,30,127,112,38,43,6,2,13,13,36,412,39,0,0,13,21,28,7,19,13,9,16,18,3,24,104,44,79,1,1,1
"SOLO LISTA MOVIMIENTO MIRA","MIRA",255,23972,2023,5896,69218,5496,6410,12004,10276,1933,14414,2554,2439,4823,17750,30,913,9588,728,4560,7216,6390,4105,6009,13369,17622,177,9676,1166,13280,42041,30,115,10465
"GLORIA STELLA DIAZ ORTIZ","MIRA",0,0,0,0,0,0,0,0,0,0,0,0,0,0,0,0,0,0,0,0,0,0,0,0,0,0,0,0,0,0,0,0,0,0
"MANUEL ANTONIO VIRGUEZ PIRAQUIVE","MIRA",0,0,0,0,0,0,0,0,0,0,0,0,0,0,0,0,0,0,0,0,0,0,0,0,0,0,0,0,0,0,0,0,0,0
"CARLOS ALBERTO BAENA LOPEZ","MIRA",0,0,0,0,0,0,0,0,0,0,0,0,0,0,0,0,0,0,0,0,0,0,0,0,0,0,0,0,0,0,0,0,0,0
"MARISOL MORENO ROMERO","MIRA",0,0,0,0,0,0,0,0,0,0,0,0,0,0,0,0,0,0,0,0,0,0,0,0,0,0,0,0,0,0,0,0,0,0
"HEYDER ORLANDO GOMEZ DIAZ","MIRA",0,0,0,0,0,0,0,0,0,0,0,0,0,0,0,0,0,0,0,0,0,0,0,0,0,0,0,0,0,0,0,0,0,0
"JACQUELINE TOLOZA CASTAÑO","MIRA",0,0,0,0,0,0,0,0,0,0,0,0,0,0,0,0,0,0,0,0,0,0,0,0,0,0,0,0,0,0,0,0,0,0
"MAURIN DEL ROSARIO BERNAL CERQUERA","MIRA",0,0,0,0,0,0,0,0,0,0,0,0,0,0,0,0,0,0,0,0,0,0,0,0,0,0,0,0,0,0,0,0,0,0
"LUIS ERNESTO OLAVE VALENCIA","MIRA",0,0,0,0,0,0,0,0,0,0,0,0,0,0,0,0,0,0,0,0,0,0,0,0,0,0,0,0,0,0,0,0,0,0
"ANDRES FELIPE OCAMPO VILLEGAS","MIRA",0,0,0,0,0,0,0,0,0,0,0,0,0,0,0,0,0,0,0,0,0,0,0,0,0,0,0,0,0,0,0,0,0,0
"SEBASTIAN MARTINEZ LADINO","MIRA",0,0,0,0,0,0,0,0,0,0,0,0,0,0,0,0,0,0,0,0,0,0,0,0,0,0,0,0,0,0,0,0,0,0
"JANNER ERIBERTO ALEMAN SEVERICHE","MIRA",0,0,0,0,0,0,0,0,0,0,0,0,0,0,0,0,0,0,0,0,0,0,0,0,0,0,0,0,0,0,0,0,0,0
"TERESA ORTIZ NAVIA","MIRA",0,0,0,0,0,0,0,0,0,0,0,0,0,0,0,0,0,0,0,0,0,0,0,0,0,0,0,0,0,0,0,0,0,0
"LACIDES MAZUERA SANCHEZ","MIRA",0,0,0,0,0,0,0,0,0,0,0,0,0,0,0,0,0,0,0,0,0,0,0,0,0,0,0,0,0,0,0,0,0,0
"RUBY TABARES CALERO","MIRA",0,0,0,0,0,0,0,0,0,0,0,0,0,0,0,0,0,0,0,0,0,0,0,0,0,0,0,0,0,0,0,0,0,0
"MARIA FELISA PASPUR POSSO","MIRA",0,0,0,0,0,0,0,0,0,0,0,0,0,0,0,0,0,0,0,0,0,0,0,0,0,0,0,0,0,0,0,0,0,0
"MAXIMILIANO TOVAR DEVIA","MIRA",0,0,0,0,0,0,0,0,0,0,0,0,0,0,0,0,0,0,0,0,0,0,0,0,0,0,0,0,0,0,0,0,0,0
"ROSA ASUNCION PINO CAICEDO","MIRA",0,0,0,0,0,0,0,0,0,0,0,0,0,0,0,0,0,0,0,0,0,0,0,0,0,0,0,0,0,0,0,0,0,0
"MAURICIO PULGARIN ARIAS","MIRA",0,0,0,0,0,0,0,0,0,0,0,0,0,0,0,0,0,0,0,0,0,0,0,0,0,0,0,0,0,0,0,0,0,0
"MONICA MARIN PEÑUELA","MIRA",0,0,0,0,0,0,0,0,0,0,0,0,0,0,0,0,0,0,0,0,0,0,0,0,0,0,0,0,0,0,0,0,0,0
"JAKSSON ASPRILLA RAMOS","MIRA",0,0,0,0,0,0,0,0,0,0,0,0,0,0,0,0,0,0,0,0,0,0,0,0,0,0,0,0,0,0,0,0,0,0
"GILBERTO ECHEVERRIA SUAREZ","MIRA",0,0,0,0,0,0,0,0,0,0,0,0,0,0,0,0,0,0,0,0,0,0,0,0,0,0,0,0,0,0,0,0,0,0
"CLAUDIA LILIANA MEDINA MARTINEZ","MIRA",0,0,0,0,0,0,0,0,0,0,0,0,0,0,0,0,0,0,0,0,0,0,0,0,0,0,0,0,0,0,0,0,0,0
"CLAUDIA ALEXANDRA SAAVEDRA BECERRA","MIRA",0,0,0,0,0,0,0,0,0,0,0,0,0,0,0,0,0,0,0,0,0,0,0,0,0,0,0,0,0,0,0,0,0,0
"FABIO ANTONIO VILLA VILLA","MIRA",0,0,0,0,0,0,0,0,0,0,0,0,0,0,0,0,0,0,0,0,0,0,0,0,0,0,0,0,0,0,0,0,0,0
"LUZVY CELENA CALDERON CALDERON","MIRA",0,0,0,0,0,0,0,0,0,0,0,0,0,0,0,0,0,0,0,0,0,0,0,0,0,0,0,0,0,0,0,0,0,0
"ENALBA ISABEL LOBO DE HOYOS","MIRA",0,0,0,0,0,0,0,0,0,0,0,0,0,0,0,0,0,0,0,0,0,0,0,0,0,0,0,0,0,0,0,0,0,0
"ARMANDO SARMIENTO MORENO","MIRA",0,0,0,0,0,0,0,0,0,0,0,0,0,0,0,0,0,0,0,0,0,0,0,0,0,0,0,0,0,0,0,0,0,0
"MARIA ELENA DE JESUS SOLANO","MIRA",0,0,0,0,0,0,0,0,0,0,0,0,0,0,0,0,0,0,0,0,0,0,0,0,0,0,0,0,0,0,0,0,0,0
"PEDRO ELISEO VILLALBA VARGAS","MIRA",0,0,0,0,0,0,0,0,0,0,0,0,0,0,0,0,0,0,0,0,0,0,0,0,0,0,0,0,0,0,0,0,0,0
"BELISARIA MOSQUERA TELLO","MIRA",0,0,0,0,0,0,0,0,0,0,0,0,0,0,0,0,0,0,0,0,0,0,0,0,0,0,0,0,0,0,0,0,0,0
"ROSENDO GABRIEL GOMEZ MARTINEZ","MIRA",0,0,0,0,0,0,0,0,0,0,0,0,0,0,0,0,0,0,0,0,0,0,0,0,0,0,0,0,0,0,0,0,0,0
"EVA YOLANDA CASAS PIRAQUIVE","MIRA",0,0,0,0,0,0,0,0,0,0,0,0,0,0,0,0,0,0,0,0,0,0,0,0,0,0,0,0,0,0,0,0,0,0
"DIEGO ANDRES URUEÑA REINA","MIRA",0,0,0,0,0,0,0,0,0,0,0,0,0,0,0,0,0,0,0,0,0,0,0,0,0,0,0,0,0,0,0,0,0,0
"MARGERY FLOREZ VALENCIA","MIRA",0,0,0,0,0,0,0,0,0,0,0,0,0,0,0,0,0,0,0,0,0,0,0,0,0,0,0,0,0,0,0,0,0,0
"ZOILA ROSA ANGULO RODELO","MIRA",0,0,0,0,0,0,0,0,0,0,0,0,0,0,0,0,0,0,0,0,0,0,0,0,0,0,0,0,0,0,0,0,0,0
"PEDRO ANDRES CASTILLO CADAVID","MIRA",0,0,0,0,0,0,0,0,0,0,0,0,0,0,0,0,0,0,0,0,0,0,0,0,0,0,0,0,0,0,0,0,0,0
"FLORINDA GONZALEZ TRIANA","MIRA",0,0,0,0,0,0,0,0,0,0,0,0,0,0,0,0,0,0,0,0,0,0,0,0,0,0,0,0,0,0,0,0,0,0
"ALAN GUILLERMO MICOLTA GACHARNA","MIRA",0,0,0,0,0,0,0,0,0,0,0,0,0,0,0,0,0,0,0,0,0,0,0,0,0,0,0,0,0,0,0,0,0,0
"YANDIRA ALEXANDRA FARAH BOTERO","MIRA",0,0,0,0,0,0,0,0,0,0,0,0,0,0,0,0,0,0,0,0,0,0,0,0,0,0,0,0,0,0,0,0,0,0
"DIEGO FERNANDO TRIANA CALDERON","MIRA",0,0,0,0,0,0,0,0,0,0,0,0,0,0,0,0,0,0,0,0,0,0,0,0,0,0,0,0,0,0,0,0,0,0
"LISBETH CEDEÑO DELGADO","MIRA",0,0,0,0,0,0,0,0,0,0,0,0,0,0,0,0,0,0,0,0,0,0,0,0,0,0,0,0,0,0,0,0,0,0
"NORBERTO RODRIGUEZ HERNANDEZ","MIRA",0,0,0,0,0,0,0,0,0,0,0,0,0,0,0,0,0,0,0,0,0,0,0,0,0,0,0,0,0,0,0,0,0,0
"ANA SILVIA JARA CABUYA","MIRA",0,0,0,0,0,0,0,0,0,0,0,0,0,0,0,0,0,0,0,0,0,0,0,0,0,0,0,0,0,0,0,0,0,0
"EDWIN ALFONSO HINOJOSA RUIZ","MIRA",0,0,0,0,0,0,0,0,0,0,0,0,0,0,0,0,0,0,0,0,0,0,0,0,0,0,0,0,0,0,0,0,0,0
"ANDREA LILIANA MADRID DAVILA","MIRA",0,0,0,0,0,0,0,0,0,0,0,0,0,0,0,0,0,0,0,0,0,0,0,0,0,0,0,0,0,0,0,0,0,0
"NELYS MARIA GALLEGO QUIROGA","MIRA",0,0,0,0,0,0,0,0,0,0,0,0,0,0,0,0,0,0,0,0,0,0,0,0,0,0,0,0,0,0,0,0,0,0
"GLADYS JIMENEZ CELYS","MIRA",0,0,0,0,0,0,0,0,0,0,0,0,0,0,0,0,0,0,0,0,0,0,0,0,0,0,0,0,0,0,0,0,0,0
"DIEGO ARMANDO CHARRY NIETO","MIRA",0,0,0,0,0,0,0,0,0,0,0,0,0,0,0,0,0,0,0,0,0,0,0,0,0,0,0,0,0,0,0,0,0,0
"MARIA JOSE HERRERA SIERRA","MIRA",0,0,0,0,0,0,0,0,0,0,0,0,0,0,0,0,0,0,0,0,0,0,0,0,0,0,0,0,0,0,0,0,0,0
"JOSE ELIBERTO MUÑOZ MORENO","MIRA",0,0,0,0,0,0,0,0,0,0,0,0,0,0,0,0,0,0,0,0,0,0,0,0,0,0,0,0,0,0,0,0,0,0
"JIMMY JAVIER MONTENEGRO MENESES","MIRA",0,0,0,0,0,0,0,0,0,0,0,0,0,0,0,0,0,0,0,0,0,0,0,0,0,0,0,0,0,0,0,0,0,0
"EMILIO GONZALEZ GONZALEZ","MIRA",0,0,0,0,0,0,0,0,0,0,0,0,0,0,0,0,0,0,0,0,0,0,0,0,0,0,0,0,0,0,0,0,0,0
"GERMAN ELIECER GARNICA VEGA","MIRA",0,0,0,0,0,0,0,0,0,0,0,0,0,0,0,0,0,0,0,0,0,0,0,0,0,0,0,0,0,0,0,0,0,0
"ALVARO ACOSTA CAMACHO","MIRA",0,0,0,0,0,0,0,0,0,0,0,0,0,0,0,0,0,0,0,0,0,0,0,0,0,0,0,0,0,0,0,0,0,0
"LUIS EUSTORGIO PINTO ARENAS","MIRA",0,0,0,0,0,0,0,0,0,0,0,0,0,0,0,0,0,0,0,0,0,0,0,0,0,0,0,0,0,0,0,0,0,0
"JHON WILTON SIERRA RUIZ","MIRA",0,0,0,0,0,0,0,0,0,0,0,0,0,0,0,0,0,0,0,0,0,0,0,0,0,0,0,0,0,0,0,0,0,0
"MARIO FERNANDO COMBITA BRIÑEZ","MIRA",0,0,0,0,0,0,0,0,0,0,0,0,0,0,0,0,0,0,0,0,0,0,0,0,0,0,0,0,0,0,0,0,0,0
"LUIS EDUARDO GONZALEZ RICARDO","MIRA",0,0,0,0,0,0,0,0,0,0,0,0,0,0,0,0,0,0,0,0,0,0,0,0,0,0,0,0,0,0,0,0,0,0
"DAGOBERTO NEGRETE MONTIEL","MIRA",0,0,0,0,0,0,0,0,0,0,0,0,0,0,0,0,0,0,0,0,0,0,0,0,0,0,0,0,0,0,0,0,0,0
"NEIFER XAVIER MATUTE NAVARRO","MIRA",0,0,0,0,0,0,0,0,0,0,0,0,0,0,0,0,0,0,0,0,0,0,0,0,0,0,0,0,0,0,0,0,0,0
"LUIS CARLOS JARAMILLO GOMEZ","MIRA",0,0,0,0,0,0,0,0,0,0,0,0,0,0,0,0,0,0,0,0,0,0,0,0,0,0,0,0,0,0,0,0,0,0
"MANUEL ENRIQUE SALGADO DIAZ","MIRA",0,0,0,0,0,0,0,0,0,0,0,0,0,0,0,0,0,0,0,0,0,0,0,0,0,0,0,0,0,0,0,0,0,0
"LAUREANO SAAVEDRA CASTAÑO","MIRA",0,0,0,0,0,0,0,0,0,0,0,0,0,0,0,0,0,0,0,0,0,0,0,0,0,0,0,0,0,0,0,0,0,0
"JAIRO ALFONSO MOLINA AREVALO","MIRA",0,0,0,0,0,0,0,0,0,0,0,0,0,0,0,0,0,0,0,0,0,0,0,0,0,0,0,0,0,0,0,0,0,0
"CARLOS RAUL ROBAYO GUTIERREZ","MIRA",0,0,0,0,0,0,0,0,0,0,0,0,0,0,0,0,0,0,0,0,0,0,0,0,0,0,0,0,0,0,0,0,0,0
"CARMENZA QUIROS GARCIA","MIRA",0,0,0,0,0,0,0,0,0,0,0,0,0,0,0,0,0,0,0,0,0,0,0,0,0,0,0,0,0,0,0,0,0,0
"LUZ DORY HERRERA MACHADO","MIRA",0,0,0,0,0,0,0,0,0,0,0,0,0,0,0,0,0,0,0,0,0,0,0,0,0,0,0,0,0,0,0,0,0,0
"JAIME LEON ORTIZ TORRES","MIRA",0,0,0,0,0,0,0,0,0,0,0,0,0,0,0,0,0,0,0,0,0,0,0,0,0,0,0,0,0,0,0,0,0,0
"LUIS GUILLERMO CALLE ALVAREZ","MIRA",0,0,0,0,0,0,0,0,0,0,0,0,0,0,0,0,0,0,0,0,0,0,0,0,0,0,0,0,0,0,0,0,0,0
"CESAR AUGUSTO VILLEGAS RAMIREZ","MIRA",0,0,0,0,0,0,0,0,0,0,0,0,0,0,0,0,0,0,0,0,0,0,0,0,0,0,0,0,0,0,0,0,0,0
